step,action_dit_loss,epoch,lab/drift,lab/loss_gr00t,lab/loss_oft,lab/loss_pi,learning_rate/head,learning_rate/qwen_vl_interface,learning_rate/qwen_vl_interface. model.model.language_model.embed_ tokens,learning_rate/qwen_vl_interface. model.model.language_model.layers .0,learning_rate/qwen_vl_interface. model.model.language_model.layers .1,learning_rate/qwen_vl_interface. model.model.language_model.layers .10,learning_rate/qwen_vl_interface. model.model.language_model.layers .11,learning_rate/qwen_vl_interface. model.model.language_model.layers .12,learning_rate/qwen_vl_interface. model.model.language_model.layers .13,learning_rate/qwen_vl_interface. model.model.language_model.layers .14,learning_rate/qwen_vl_interface. model.model.language_model.layers .15,learning_rate/qwen_vl_interface. model.model.language_model.layers .16,learning_rate/qwen_vl_interface. model.model.language_model.layers .17,learning_rate/qwen_vl_interface. model.model.language_model.layers .18,learning_rate/qwen_vl_interface. model.model.language_model.layers .19,learning_rate/qwen_vl_interface. model.model.language_model.layers .2,learning_rate/qwen_vl_interface. model.model.language_model.layers .20,learning_rate/qwen_vl_interface. model.model.language_model.layers .21,learning_rate/qwen_vl_interface. model.model.language_model.layers .22,learning_rate/qwen_vl_interface. model.model.language_model.layers .23,learning_rate/qwen_vl_interface. model.model.language_model.layers .24,learning_rate/qwen_vl_interface. model.model.language_model.layers .25,learning_rate/qwen_vl_interface. model.model.language_model.layers .26,learning_rate/qwen_vl_interface. model.model.language_model.layers .27,learning_rate/qwen_vl_interface. model.model.language_model.layers .28,learning_rate/qwen_vl_interface. model.model.language_model.layers .29,learning_rate/qwen_vl_interface. model.model.language_model.layers .3,learning_rate/qwen_vl_interface. model.model.language_model.layers .30,learning_rate/qwen_vl_interface. model.model.language_model.layers .31,learning_rate/qwen_vl_interface. model.model.language_model.layers .32,learning_rate/qwen_vl_interface. model.model.language_model.layers .33,learning_rate/qwen_vl_interface. model.model.language_model.layers .34,learning_rate/qwen_vl_interface. model.model.language_model.layers .35,learning_rate/qwen_vl_interface. model.model.language_model.layers .4,learning_rate/qwen_vl_interface. model.model.language_model.layers .5,learning_rate/qwen_vl_interface. model.model.language_model.layers .6,learning_rate/qwen_vl_interface. model.model.language_model.layers .7,learning_rate/qwen_vl_interface. model.model.language_model.layers .8,learning_rate/qwen_vl_interface. model.model.language_model.layers .9,learning_rate/qwen_vl_interface. model.model.visual,mse_score,timing/data,timing/model
10,2.910393238067627,0.0,5.2427198385076835e-17,1.1424516439437866,0.6847499012947083,1.0831917524337769,3.3333333333333335e-05,3.3333333333333333e-06,8.154155640906076e-09,9.593124283418913e-09,1.1286028568728133e-08,4.872712791458904e-08,5.732603284069299e-08,6.744239157728586e-08,7.934399009092456e-08,9.334587069520536e-08,1.0981867140612395e-07,1.291984369483811e-07,1.519981611157425e-07,1.788213660185206e-07,2.1037807766884776e-07,1.3277680669091924e-08,2.475036207868797e-07,2.9118073033750556e-07,3.425655651029478e-07,4.0301831188582084e-07,4.741391904539069e-07,5.57810812298714e-07,6.562480144690753e-07,7.720564876106769e-07,9.083017501302082e-07,1.068590294270833e-06,1.562080078716697e-08,1.257165052083333e-06,1.479017708333333e-06,1.740020833333333e-06,2.047083333333333e-06,2.408333333333333e-06,2.833333333333333e-06,1.837741269078467e-08,2.16204855185702e-08,2.543586531596494e-08,2.992454743054699e-08,3.520534991829057e-08,4.141805872740068e-08,8.154155640906076e-09,,0.0009438470005989075,2.4637141255661845
20,2.7254676818847656,0.0,5.2427198385076835e-17,1.0976155996322632,0.6605818867683411,0.9672701954841614,6.666666666666667e-05,6.666666666666667e-06,1.6308311281812152e-08,1.9186248566837827e-08,2.2572057137456265e-08,9.745425582917808e-08,1.1465206568138598e-07,1.3488478315457172e-07,1.586879801818491e-07,1.8669174139041072e-07,2.196373428122479e-07,2.583968738967622e-07,3.03996322231485e-07,3.576427320370412e-07,4.207561553376955e-07,2.6555361338183848e-08,4.950072415737594e-07,5.823614606750111e-07,6.851311302058956e-07,8.060366237716417e-07,9.482783809078138e-07,1.115621624597428e-06,1.3124960289381505e-06,1.5441129752213538e-06,1.8166035002604164e-06,2.137180588541666e-06,3.124160157433394e-08,2.514330104166666e-06,2.958035416666666e-06,3.480041666666666e-06,4.094166666666666e-06,4.816666666666666e-06,5.666666666666666e-06,3.675482538156934e-08,4.32409710371404e-08,5.087173063192988e-08,5.984909486109398e-08,7.041069983658114e-08,8.283611745480136e-08,1.6308311281812152e-08,,0.0011874828487634659,2.2464489601552486
30,2.5612785816192627,0.0,0.0008004256959584325,1.067339539527893,0.5713381767272949,0.9226009249687195,0.0001,1e-05,2.446246692271823e-08,2.877937285025674e-08,3.38580857061844e-08,1.4618138374376713e-07,1.7197809852207897e-07,2.023271747318576e-07,2.3803197027277367e-07,2.800376120856161e-07,3.2945601421837185e-07,3.8759531084514336e-07,4.5599448334722756e-07,5.364640980555618e-07,6.311342330065433e-07,3.983304200727577e-08,7.425108623606392e-07,8.735421910125167e-07,1.0276966953088434e-06,1.2090549356574626e-06,1.4224175713617208e-06,1.673432436896142e-06,1.968744043407226e-06,2.3161694628320306e-06,2.7249052503906246e-06,3.2057708828124993e-06,4.6862402361500906e-08,3.7714951562499997e-06,4.4370531249999995e-06,5.220062499999999e-06,6.14125e-06,7.2249999999999994e-06,8.5e-06,5.513223807235401e-08,6.48614565557106e-08,7.630759594789482e-08,8.977364229164098e-08,1.0561604975487173e-07,1.2425417618220205e-07,2.446246692271823e-08,,0.0007800636813044548,2.396124984137714
40,1.872772216796875,0.01,0.0008004256959584325,0.9277739524841309,0.4360153079032898,0.5089828372001648,9.969572609838744e-05,9.969572609838745e-06,2.438803402018179e-08,2.8691804729625638e-08,3.3755064387794865e-08,1.4573659194401872e-07,1.7145481405178673e-07,2.017115459432785e-07,2.3730770110973944e-07,2.7918553071734054e-07,3.284535655498124e-07,3.864159594703675e-07,4.546070111416089e-07,5.348317778136575e-07,6.292138562513618e-07,3.9711840456229264e-08,7.402515955898374e-07,8.708842301056911e-07,1.0245696824772838e-06,1.2053760970320985e-06,1.4180895259201158e-06,1.668340618729548e-06,1.9627536690935857e-06,2.309121963639513e-06,2.7166140748700155e-06,3.1960165586706063e-06,4.671981230144619e-08,3.760019480788949e-06,4.42355233033994e-06,5.204179212164635e-06,6.122563779017218e-06,7.203016210608492e-06,8.474136718362933e-06,5.496448506052493e-08,6.46641000712058e-08,7.607541184847741e-08,8.95004845276205e-08,1.0529468767955351e-07,1.2387610315241592e-07,2.438803402018179e-08,,0.0010438188910484314,2.3480078391730785
50,2.2236223220825195,0.01,0.0007382641912052993,0.9028869867324829,0.48404258489608765,0.8366928696632385,9.878701917609207e-05,9.878701917609208e-06,2.416574188989084e-08,2.843028457634216e-08,3.3447393619226074e-08,1.4440823159083197e-07,1.6989203716568467e-07,1.9987298490080548e-07,2.351446881185947e-07,2.7664080955128794e-07,3.2545977594269164e-07,3.8289385405022547e-07,4.504633577061477e-07,5.299568914189972e-07,6.234786957870555e-07,3.9349874846148325e-08,7.335043479847712e-07,8.629462917467898e-07,1.0152309314668116e-06,1.1943893311374253e-06,1.4051639189852064e-06,1.6531340223355367e-06,1.9448635556888667e-06,2.288074771398667e-06,2.691852672233726e-06,3.1668854967455597e-06,4.6293970407233325e-08,3.725747643230071e-06,4.383232521447142e-06,5.15674414287899e-06,6.0667578151517545e-06,7.137362135472652e-06,8.396896629967825e-06,5.446349459674509e-08,6.407469952558246e-08,7.538199944186171e-08,8.868470522571967e-08,1.0433494732437608e-07,1.2274699685220717e-07,2.416574188989084e-08,0.02326131079878126,0.0006304886192083359,12.022511412389576
60,1.833756923675537,0.01,0.0007382641912052993,0.891243040561676,0.31402644515037537,0.6284874677658081,9.728616793536588e-05,9.728616793536588e-06,2.3798596651568984e-08,2.7998349001845866e-08,3.2939234119818663e-08,1.4221426647920293e-07,1.673109017402387e-07,1.9683635498851613e-07,2.3157218233943077e-07,2.724378615758009e-07,3.205151312656481e-07,3.7707662501840954e-07,4.436195588451878e-07,5.219053633472797e-07,6.14006309820329e-07,3.875204014096314e-08,7.223603644945048e-07,8.498357229347115e-07,9.998067328643666e-07,1.1762432151345489e-06,1.3838155472171165e-06,1.6280182908436664e-06,1.9153156362866665e-06,2.2533125132784312e-06,2.650955897974625e-06,3.1187716446760294e-06,4.559063545995663e-08,3.6691431113835644e-06,4.3166389545688995e-06,5.078398770081058e-06,5.9745867883306565e-06,7.028925633330184e-06,8.2693242745061e-06,5.3636041717596044e-08,6.3101225550113e-08,7.42367359413094e-08,8.733733640154048e-08,1.0274980753122409e-07,1.2088212650732249e-07,2.3798596651568984e-08,,0.0006748149171471596,2.8990885568782687
70,1.681716799736023,0.01,0.0007382641912052993,0.8439486622810364,0.30980321764945984,0.5279649496078491,9.521346881455356e-05,9.521346881455356e-06,2.32915633147328e-08,2.740183919380329e-08,3.223745787506269e-08,1.3918436622355456e-07,1.6374631320418183e-07,1.926427214166845e-07,2.2663849578433474e-07,2.6663352445215855e-07,3.1368649935548057e-07,3.6904294041821246e-07,4.3416816519789706e-07,5.107860767034083e-07,6.009247961216568e-07,3.792642102948553e-08,7.069703483784198e-07,8.317298216216704e-07,9.78505672496083e-07,1.1511831441130386e-06,1.354333110721222e-06,1.5933330714367317e-06,1.8745094958079198e-06,2.205305289185788e-06,2.5944768108068097e-06,3.052325659772717e-06,4.461931885821827e-08,3.590971364438491e-06,4.224672193457049e-06,4.970202580537703e-06,5.84729715357377e-06,6.879173121851493e-06,8.093144849237052e-06,5.24933163037862e-08,6.175684271033672e-08,7.265510907098436e-08,8.547659890704044e-08,1.0056070459651816e-07,1.1830671129002138e-07,2.32915633147328e-08,,0.0008859960362315178,2.3604382816702127
80,1.965163230895996,0.01,0.0010919936834767855,0.8345710039138794,0.4067038297653198,0.7238883376121521,9.259695151358214e-05,9.259695151358215e-06,2.2651498635455468e-08,2.6648821924065255e-08,3.135155520478265e-08,1.353595050270995e-07,1.5924647650246998e-07,1.873487958852588e-07,2.2041034810030447e-07,2.593062918827112e-07,3.050662257443661e-07,3.5890144205219534e-07,4.222369906496417e-07,4.967494007642843e-07,5.844110597226874e-07,3.688418259386195e-08,6.875424232031617e-07,8.088734390625432e-07,9.516158106618156e-07,1.1195480125433125e-06,1.3171153088744852e-06,1.5495474222052768e-06,1.8229969673003256e-06,2.144702314470971e-06,2.5231791934952606e-06,2.968446109994424e-06,4.3393155992778766e-08,3.492289541169911e-06,4.108575930788131e-06,4.833618742103683e-06,5.686610284827863e-06,6.690129746856309e-06,7.870740878654481e-06,5.105077175621031e-08,6.00597314778945e-08,7.065850762105234e-08,8.312765602476747e-08,9.779724238207936e-08,1.1505557927303456e-07,2.2651498635455468e-08,,0.001165051944553852,2.407650745473802
90,1.9377192258834839,0.01,0.0010919936834767855,0.6971363425254822,0.4515407085418701,0.7890421152114868,8.947199994035401e-05,8.947199994035402e-06,2.1887058390503574e-08,2.574948045941597e-08,3.0293506422842316e-08,1.30791407576032e-07,1.5387224420709646e-07,1.8102616965540757e-07,2.1297196430047952e-07,2.5055525211821125e-07,2.9477088484495434e-07,3.467892762881816e-07,4.07987383868449e-07,4.799851574922929e-07,5.646884205791681e-07,3.563941932099097e-08,6.643393183284332e-07,7.815756686216861e-07,9.195007866137485e-07,1.0817656313102922e-06,1.2726654486003438e-06,1.497253468941581e-06,1.7614746693430364e-06,2.0723231404035724e-06,2.438027224004203e-06,2.8682673223578854e-06,4.192872861293055e-08,3.374432143950454e-06,3.969920169353475e-06,4.670494316886441e-06,5.4946991963369905e-06,6.4643519956905766e-06,7.605119994930091e-06,4.932791601521241e-08,5.8032842370838135e-08,6.827393220098603e-08,8.032227317763064e-08,9.44967919736831e-08,1.1117269643962718e-07,2.1887058390503574e-08,,0.0005948152393102646,2.367229009978473
100,1.5744911432266235,0.02,0.0013107870899635567,0.7261528372764587,0.34473270177841187,0.5036056041717529,8.588087370409303e-05,8.588087370409303e-06,2.1008580322805174e-08,2.4715976850359027e-08,2.9077619823951794e-08,1.2554184955188022e-07,1.476962935904473e-07,1.7376034540052622e-07,2.0442393576532498e-07,2.404987479592059e-07,2.829397034814187e-07,3.328702393899043e-07,3.9161204634106396e-07,4.607200545188988e-07,5.420235935516457e-07,3.420896449876682e-08,6.376748159431125e-07,7.502056658154265e-07,8.825949009593254e-07,1.0383469423050887e-06,1.2215846380059867e-06,1.4371583976541019e-06,1.690774585475414e-06,1.989146571147546e-06,2.340172436644172e-06,2.7531440431107904e-06,4.02458405867845e-08,3.2389929918950478e-06,3.8105799904647624e-06,4.48303528289972e-06,5.274159156352612e-06,6.20489312512072e-06,7.299874264847906e-06,4.734804774915823e-08,5.570358558724499e-08,6.553363010264115e-08,7.709838835604843e-08,9.070398630123343e-08,1.0671057211909817e-07,2.1008580322805174e-08,0.01628775575331279,0.0004688212648034096,11.831049731001258
110,1.525309681892395,0.02,0.0013107870899635567,0.6642546057701111,0.36462411284446716,0.49643099308013916,8.187213662662538e-05,8.187213662662539e-06,2.0027944341210912e-08,2.356228746024813e-08,2.772033818852721e-08,1.1968182222138857e-07,1.408021437898689e-07,1.6564958092925752e-07,1.9488185991677357e-07,2.292727763726748e-07,2.6973267808549976e-07,3.173325624535291e-07,3.7333242641591666e-07,4.3921461931284315e-07,5.167230815445213e-07,3.26121625747379e-08,6.079095076994368e-07,7.151876561169845e-07,8.413972424905702e-07,9.898791088124353e-07,1.1645636574263947e-06,1.370074891089876e-06,1.611852813046913e-06,1.8962974271140153e-06,2.2309381495459008e-06,2.624633117112824e-06,3.836725008792694e-08,3.087803667191558e-06,3.6327101966959507e-06,4.273776701995236e-06,5.0279725905826315e-06,5.915261871273683e-06,6.959131613263157e-06,4.513794127991405e-08,5.310346032931065e-08,6.24746592109537e-08,7.349959907171025e-08,8.647011655495323e-08,1.0172954888818027e-07,2.0027944341210912e-08,,0.0007641920819878578,2.461369904689491
120,1.5156641006469727,0.02,0.0013107870899635567,0.6745581030845642,0.3403061628341675,0.5007998943328857,7.75e-05,7.75e-06,1.8958411865106627e-08,2.2304013958948975e-08,2.6240016422292912e-08,1.1329057240141953e-07,1.332830263546112e-07,1.5680356041718964e-07,1.844747769613996e-07,2.1702914936635249e-07,2.553284110192382e-07,3.003863659049861e-07,3.5339572459410137e-07,4.157596759930604e-07,4.891290305800711e-07,3.087060755563873e-08,5.754459183294954e-07,6.769951980347005e-07,7.964649388643536e-07,9.370175751345336e-07,1.1023736178053337e-06,1.2969101385945101e-06,1.5257766336406001e-06,1.795031333694824e-06,2.111801569052734e-06,2.484472434179687e-06,3.63183618301632e-08,2.9229087460937498e-06,3.4387161718749995e-06,4.045548437499999e-06,4.75946875e-06,5.599375e-06,6.5875e-06,4.272748450607436e-08,5.026762883067572e-08,5.913838685961849e-08,6.957457277602176e-08,8.18524385600256e-08,9.62969865412066e-08,1.8958411865106627e-08,,0.0005856379866600037,2.4072945825755596
130,1.5300710201263428,0.02,0.006473012121086776,0.6850721836090088,0.336892694234848,0.5081061720848083,7.282358947176207e-05,7.282358947176207e-06,1.781444648646591e-08,2.0958172337018716e-08,2.4656673337669078e-08,1.064545307817021e-07,1.2524062444906128e-07,1.4734191111654267e-07,1.733434248429914e-07,2.0393344099175463e-07,2.3992169528441715e-07,2.8226081798166723e-07,3.320715505666674e-07,3.9067241243137345e-07,4.596146028604393e-07,2.9007850985493038e-08,5.407230621887522e-07,6.361447790455908e-07,7.484056224065775e-07,8.804772028312675e-07,1.0358555327426676e-06,1.2186535679325503e-06,1.4337100799206473e-06,1.6867177410831146e-06,1.9843738130389586e-06,2.334557427104657e-06,3.412688351234475e-08,2.746538149534891e-06,3.2312213523939894e-06,3.801436885169399e-06,4.472278688434587e-06,5.2615043393348085e-06,6.190005105099776e-06,4.014927472040559e-08,4.723444084753599e-08,5.5569930408865866e-08,6.53763887163128e-08,7.691339848977975e-08,9.048635116444678e-08,1.781444648646591e-08,,0.0006601298227906227,2.386942013166845
140,0.974496603012085,0.02,0.006473012121086776,0.4449542760848999,0.2583382725715637,0.2712040841579437,6.790614547199907e-05,6.790614547199908e-06,1.6611518374580696e-08,1.9542962793624346e-08,2.29917209336757e-08,9.926614309802371e-08,1.1678369776238083e-07,1.3739258560280097e-07,1.6163833600329526e-07,1.9016274823917092e-07,2.2372088028137753e-07,2.6320103562515004e-07,3.096482772060589e-07,3.642920908306575e-07,4.2857893038900885e-07,2.7049083451383182e-08,5.042105063400104e-07,5.931888309882476e-07,6.978692129273502e-07,8.210226034439413e-07,9.659089452281662e-07,1.1363634649743133e-06,1.3368981940874274e-06,1.572821404808738e-06,1.850378123304398e-06,2.1769154391816446e-06,3.182245111927433e-08,2.5610769872725235e-06,3.0130317497323803e-06,3.544743234979271e-06,4.170286158799143e-06,4.906219010351933e-06,5.772022365119921e-06,3.7438177787381566e-08,4.404491504397832e-08,5.1817547110562727e-08,6.09618201300738e-08,7.171978838832212e-08,8.437622163332015e-08,1.6611518374580696e-08,,0.0007680533453822136,2.368294802494347
150,1.4500625133514404,0.02,0.012016874276767262,0.586959719657898,0.29727113246917725,0.5658316016197205,6.281416799501188e-05,6.281416799501188e-06,1.536589506856044e-08,1.8077523610071104e-08,2.126767483537777e-08,9.182261996224286e-08,1.0802661172028571e-07,1.2709013143563024e-07,1.4951780168897678e-07,1.7590329610467858e-07,2.069450542407983e-07,2.4346476969505684e-07,2.8642914081771397e-07,3.369754597855458e-07,3.9644171739475976e-07,2.5020793923973853e-08,4.6640202046442326e-07,5.487082593699098e-07,6.455391286704821e-07,7.594577984358612e-07,8.934797628657192e-07,1.0511526621949637e-06,1.2366501908176044e-06,1.4548825774324758e-06,1.711626561685266e-06,2.0136783078650185e-06,2.943622814585159e-08,2.3690333033706103e-06,2.7870980039654236e-06,3.2789388281946163e-06,3.857575091993667e-06,4.538323637639608e-06,5.339204279576009e-06,3.463085664217834e-08,4.07421842849157e-08,4.7931981511665524e-08,5.639056648431239e-08,6.634184292272046e-08,7.804922696790643e-08,1.536589506856044e-08,0.01947933861187526,0.0005128057673573494,11.893990360200405
160,1.2418409585952759,0.02,0.012016874276767262,0.5634963512420654,0.22763502597808838,0.45070958137512207,5.761651730097142e-05,5.761651730097142e-06,1.4094421486772359e-08,1.6581672337379245e-08,1.9507849808681466e-08,8.4224622255527e-08,9.908779088885529e-08,1.165738716339474e-07,1.3714573133405577e-07,1.613479192165362e-07,1.8982108143121907e-07,2.2331891933084595e-07,2.627281403892306e-07,3.09091929869683e-07,3.6363756455256824e-07,2.2950411539625258e-08,4.2780889947360973e-07,5.033045876160115e-07,5.921230442541312e-07,6.966153461813308e-07,8.195474660956832e-07,9.641734895243332e-07,1.1343217523815684e-06,1.3344961792724336e-06,1.5699955050263926e-06,1.8470535353251677e-06,2.7000484164265006e-08,2.17300415920608e-06,2.5564754814189174e-06,3.0076182134340206e-06,3.538374368745907e-06,4.162793374995184e-06,4.89740397058257e-06,3.1765275487370594e-08,3.737091233808306e-08,4.396577922127418e-08,5.172444614267552e-08,6.085228957961825e-08,7.159092891719795e-08,1.4094421486772359e-08,,0.0005397945642471313,2.1726852552965283
170,1.5218716859817505,0.03,0.012016874276767262,0.7033975124359131,0.3366548717021942,0.4818192422389984,5.23834826990286e-05,5.23834826990286e-06,1.2814292128217697e-08,1.5075637797903172e-08,1.773604446812138e-08,7.657489986261684e-08,9.008811748543158e-08,1.0598602057109598e-07,1.2468943596599529e-07,1.466934540776415e-07,1.7258053420899e-07,2.0303592259881177e-07,2.3886579129271976e-07,2.81018577991435e-07,3.306100917546294e-07,2.0865934668378097e-08,3.8895304912309347e-07,4.57591822497757e-07,5.383433205855966e-07,6.333450830418783e-07,7.451118624022097e-07,8.766021910614231e-07,1.0312966953663802e-06,1.2132902298428002e-06,1.4274002704032946e-06,1.6792944357685818e-06,2.4548158433385996e-08,1.97564051266892e-06,2.324282956081082e-06,2.7344505365659793e-06,3.2170006312540935e-06,3.7847066250048155e-06,4.452596029417431e-06,2.8880186392218816e-08,3.397668987319861e-08,3.9972576321410126e-08,4.702656037812957e-08,5.5325365150740665e-08,6.508866488322432e-08,1.2814292128217697e-08,,0.0006674705073237419,2.4829339180141687
180,1.543229579925537,0.03,0.0015575813575641811,0.5904474258422852,0.34909477829933167,0.6036874651908875,4.718583200498814e-05,4.718583200498814e-06,1.1542818546429616e-08,1.3579786525211312e-08,1.5976219441425073e-08,6.897690215590099e-08,8.114929665400116e-08,9.546976076941313e-08,1.1231736561107429e-07,1.3213807718949917e-07,1.5545656139941077e-07,1.828900722346009e-07,2.151647908642364e-07,2.5313504807557226e-07,2.978059389124379e-07,1.87955522840295e-08,3.503599281322799e-07,4.121881507438587e-07,4.849272361692457e-07,5.705026307873477e-07,6.711795656321738e-07,7.896230183907927e-07,9.289682569303444e-07,1.092903831682758e-06,1.2857692137444215e-06,1.512669663228731e-06,2.2112414451799413e-08,1.7796113685043897e-06,2.093660433534576e-06,2.4631299218053837e-06,2.897799908006334e-06,3.4091763623603925e-06,4.010795720423992e-06,2.601460523741107e-08,3.060541792636597e-08,3.600637403101879e-08,4.23604400364927e-08,4.983581180763846e-08,5.863036683251584e-08,1.1542818546429616e-08,,0.0005240757018327713,2.446416781283915
190,1.1579393148422241,0.03,0.0015575813575641811,0.5278657078742981,0.23749962449073792,0.3925739526748657,4.209385452800095e-05,4.2093854528000955e-06,1.0297195240409363e-08,1.2114347341658073e-08,1.4252173343127146e-08,6.153337902012017e-08,7.239221061190608e-08,8.516730660224243e-08,1.0019683129675581e-07,1.1787862505500686e-07,1.3868073535883157e-07,1.6315380630450775e-07,1.919456544758915e-07,2.2581841703046057e-07,2.656687259181889e-07,1.6767262756620172e-08,3.125514422566928e-07,3.6770757912552097e-07,4.325971519123777e-07,5.089378257792678e-07,5.987503832697268e-07,7.044122156114434e-07,8.287202536605216e-07,9.74965004306496e-07,1.1470176521252896e-06,1.3494325319121053e-06,1.9726191478376672e-08,1.587567684602477e-06,1.86772668776762e-06,2.1973255150207295e-06,2.5850888412008583e-06,3.0412809896480687e-06,3.5779776348800806e-06,2.3207284092207853e-08,2.7302687167303356e-08,3.212080843212159e-08,3.778918639073129e-08,4.445786634203681e-08,5.230337216710214e-08,1.0297195240409363e-08,,0.0008494704961776733,2.1459186701104045
200,1.0982848405838013,0.03,0.0049439556379171695,0.5261991620063782,0.266977459192276,0.3051081597805023,3.717641052823794e-05,3.7176410528237942e-06,9.094267128524143e-09,1.0699137798263698e-08,1.2587220939133762e-08,5.4344991336441746e-08,6.393528392522558e-08,7.521798108850068e-08,8.849174245705964e-08,1.0410793230242311e-07,1.2247992035579187e-07,1.4409402394799046e-07,1.695223811152829e-07,1.994380954297446e-07,2.3463305344675833e-07,1.4808495222510311e-08,2.76038886407951e-07,3.2475163106817766e-07,3.820607424331502e-07,4.494832263919414e-07,5.288037957552252e-07,6.221221126532061e-07,7.319083678273013e-07,8.610686680321192e-07,1.0130219623907286e-06,1.1917905439890923e-06,1.7421759085306248e-08,1.402106522340109e-06,1.6495370851060104e-06,1.9406318648306006e-06,2.2830963115654123e-06,2.685995660665191e-06,3.159994894900225e-06,2.0496187159183822e-08,2.4113161363745674e-08,2.836842513381844e-08,3.3374617804492286e-08,3.926425624057916e-08,4.6193242635975484e-08,9.094267128524143e-09,0.020624861121177673,0.0006250441074371338,11.73786866106093
210,1.2180371284484863,0.03,0.0049439556379171695,0.5258088707923889,0.25771141052246094,0.4345168471336365,3.250000000000001e-05,3.2500000000000015e-06,7.950301749883428e-09,9.353296176333444e-09,1.1003877854509935e-08,4.750894971672433e-08,5.589288201967569e-08,6.575633178785374e-08,7.736039033865147e-08,9.101222392782528e-08,1.0707320462097089e-07,1.2596847602467165e-07,1.4819820708784901e-07,1.7435083186805765e-07,2.0511862572712666e-07,1.294573865236463e-08,2.413160302672078e-07,2.8390121207906803e-07,3.340014259753742e-07,3.929428540886755e-07,4.6228571069255944e-07,5.438655419912464e-07,6.398418141073487e-07,7.527550754204102e-07,8.855942063769534e-07,1.0418755369140626e-06,1.52302807674878e-08,1.2257359257812504e-06,1.4420422656250004e-06,1.6965203125000003e-06,1.9959062500000007e-06,2.3481250000000005e-06,2.762500000000001e-06,1.7917977373515058e-08,2.1079973380605955e-08,2.4799968683065828e-08,2.917643374478333e-08,3.4325216170333324e-08,4.038260725921568e-08,7.950301749883428e-09,,0.0004927031695842743,2.2553699146956205
220,1.109078288078308,0.03,0.0049439556379171695,0.4694999158382416,0.26827067136764526,0.37130776047706604,2.8127863373374635e-05,2.8127863373374637e-06,6.880769273779146e-09,8.09502267503429e-09,9.523556088275634e-09,4.1117699896755295e-08,4.837376458441799e-08,5.691031127578587e-08,6.69533073832775e-08,7.876859692150296e-08,9.266893755470935e-08,1.0902227947612864e-07,1.2826150526603372e-07,1.5089588854827497e-07,1.7752457476267642e-07,1.1204183633265453e-08,2.0885244089726637e-07,2.45708753996784e-07,2.8906912234915765e-07,3.400813204107737e-07,4.000956710714985e-07,4.707007894958805e-07,5.53765634701036e-07,6.514889820012188e-07,7.664576258837869e-07,9.017148539809256e-07,1.3181392509724062e-08,1.060841004683442e-06,1.2480482408040494e-06,1.468292048004764e-06,1.7274024094173697e-06,2.0322381287263172e-06,2.390868386736844e-06,1.550752059967537e-08,1.8244141881971025e-08,2.1463696331730616e-08,2.5251407449094843e-08,2.9707538175405696e-08,3.4950044912241996e-08,6.880769273779146e-09,,0.0007444005459547043,2.2938067112118006
230,1.2504169940948486,0.04,0.004953609296212759,0.5700542330741882,0.28093498945236206,0.3994278311729431,2.4119126295906998e-05,2.4119126295906997e-06,5.900133292184884e-09,6.941333284923392e-09,8.166274452851049e-09,3.525767256626365e-08,4.1479614783839585e-08,4.8799546804517155e-08,5.741123153472608e-08,6.754262533497186e-08,7.946191215879042e-08,9.348460253975343e-08,1.099818853408864e-07,1.293904533422193e-07,1.522240627555521e-07,9.607381709236531e-09,1.7908713265359074e-07,2.1069074429834204e-07,2.478714638804024e-07,2.9161348691812045e-07,3.430746904919064e-07,4.0361728293165466e-07,4.748438622725349e-07,5.58639837967688e-07,6.572233387855155e-07,7.732039279829593e-07,1.1302802010866506e-08,9.096516799799523e-07,1.070178447035238e-06,1.25903346710028e-06,1.4812158436473882e-06,1.7426068748792803e-06,2.0501257351520944e-06,1.3297414130431183e-08,1.5644016624036687e-08,1.8404725440043162e-08,2.1652618164756663e-08,2.5473668429125483e-08,2.99690216813241e-08,5.900133292184884e-09,,0.0007972586899995804,2.390621676109731
240,1.1315823793411255,0.04,0.004953609296212759,0.5567756295204163,0.2590087652206421,0.3157980144023895,2.0528000059645997e-05,2.0528000059646e-06,5.0216552244864804e-09,5.907829675866447e-09,6.950387853960526e-09,3.0008114542111856e-08,3.530366416719042e-08,4.1533722549635786e-08,4.8863202999571515e-08,5.7486121175966494e-08,6.763073079525469e-08,7.956556564147611e-08,9.360654781350132e-08,1.1012535036882508e-07,1.295592357280295e-07,8.176926887012385e-09,1.5242263026827002e-07,1.7932074149208237e-07,2.109655782259793e-07,2.481947979129168e-07,2.9199387989754914e-07,3.4352221164417546e-07,4.0414377840491236e-07,4.7546326871166156e-07,5.593685514254843e-07,6.580806487358638e-07,9.619913984720452e-09,7.742125279245457e-07,9.108382681465245e-07,1.071574433113558e-06,1.2606758036630096e-06,1.4831480043094231e-06,1.7448800050699097e-06,1.1317545864377004e-08,1.3314759840443534e-08,1.5664423341698275e-08,1.8428733343174442e-08,2.1680862756675813e-08,2.550689736079508e-08,5.0216552244864804e-09,,0.0006978018209338188,2.509375390596688
250,1.165785312652588,0.04,0.00102058627190732,0.5879437923431396,0.2652948796749115,0.31254664063453674,1.7403048486417866e-05,1.7403048486417868e-06,4.257214979534586e-09,5.00848821121716e-09,5.892339072020188e-09,2.5440017091044356e-08,2.992943187181689e-08,3.521109631978457e-08,4.142481919974656e-08,4.873508141146655e-08,5.7335389895842994e-08,6.745339987746235e-08,7.935694103230865e-08,9.336110709683371e-08,1.0983659658451024e-07,6.932163614141399e-09,1.2921952539354147e-07,1.5202297105122526e-07,1.7885055417791209e-07,2.1041241667989656e-07,2.475440196234077e-07,2.9122825838047966e-07,3.4262148044762314e-07,4.0308409464426253e-07,4.742165819344266e-07,5.579018610993253e-07,8.155486604872233e-09,6.563551307050887e-07,7.72182506711869e-07,9.084500078963165e-07,1.0687647151721373e-06,1.2573702531436907e-06,1.4792591213455185e-06,9.594690123379098e-09,1.1287870733387175e-08,1.327984792163197e-08,1.5623350496037614e-08,1.8380412348279545e-08,2.1624014527387704e-08,4.257214979534586e-09,0.019291647842952182,0.0008221659809350967,11.925967539660633
260,1.17783784866333,0.04,0.00102058627190732,0.49674251675605774,0.3093394637107849,0.37175580859184265,1.4786531185446454e-05,1.4786531185446455e-06,3.617150300257254e-09,4.255470941479123e-09,5.0064364017401444e-09,2.1615155894589276e-08,2.542959517010503e-08,2.991717078835886e-08,3.5196671515716306e-08,4.140784884201919e-08,4.871511628472845e-08,5.731190151144524e-08,6.742576648405324e-08,7.932443115770969e-08,9.33228601855408e-08,5.889925178517818e-09,1.097916002182833e-07,1.29166588492098e-07,1.5196069234364472e-07,1.7877728511017026e-07,2.103262177766709e-07,2.474426091490246e-07,2.9110895194002893e-07,3.424811199294458e-07,4.0291896462287744e-07,4.740223113210323e-07,6.9293237394327265e-09,5.576733074365086e-07,6.560862440429513e-07,7.718661694622956e-07,9.080778464262303e-07,1.0683268781485061e-06,1.2568551507629485e-06,8.152145575803208e-09,9.59075950094495e-09,1.1283246471699941e-08,1.3274407613764639e-08,1.561695013384075e-08,1.8372882510400885e-08,3.617150300257254e-09,,0.0006148833781480789,2.2535062497481704
270,1.139769196510315,0.04,0.00102058627190732,0.4705005884170532,0.25908708572387695,0.41018155217170715,1.2713832064634126e-05,1.2713832064634127e-06,3.1101169634210673e-09,3.6589611334365494e-09,4.304660156984176e-09,1.8585255638940923e-08,2.1865006634048143e-08,2.5723537216527225e-08,3.026298496062027e-08,3.5603511718376794e-08,4.1886484374560925e-08,4.9278216911248145e-08,5.7974372836762533e-08,6.820514451383828e-08,8.024134648686855e-08,5.0643060670402075e-09,9.440158410219831e-08,1.1106068717905683e-07,1.30659631975361e-07,1.5371721408865998e-07,1.8084378128077647e-07,2.1275738974208994e-07,2.503028114612823e-07,2.944738958368027e-07,3.4643987745506205e-07,4.0757632641772003e-07,5.958007137694362e-09,4.795015604914354e-07,5.641194829311004e-07,6.636699799189416e-07,7.807882116693432e-07,9.185743666698155e-07,1.0806757254939007e-06,7.009420161993367e-09,8.246376661168669e-09,9.701619601374903e-09,1.1413670119264593e-08,1.3427847199134814e-08,1.5797467293099783e-08,3.1101169634210673e-09,,0.0007005427032709122,2.4719714019447565
280,1.1893136501312256,0.04,0.0003371242281199307,0.49438145756721497,0.3106810748577118,0.3842511773109436,1.121298082390793e-05,1.1212980823907928e-06,2.742971725099215e-09,3.227025558940253e-09,3.796500657576768e-09,1.639129052731187e-08,1.92838712086022e-08,2.268690730423788e-08,2.669047918145633e-08,3.1400563742889804e-08,3.694183969751741e-08,4.346098787943225e-08,5.113057397580266e-08,6.015361644212078e-08,7.076896052014208e-08,4.466471361855022e-09,8.325760061193187e-08,9.795011836697867e-08,1.152354333729161e-07,1.3557109808578363e-07,1.594954095126866e-07,1.8764165825021955e-07,2.2075489205908182e-07,2.5971163771656684e-07,3.055431031959611e-07,3.5946247434818946e-07,5.254672190417673e-09,4.228970286449288e-07,4.975259160528574e-07,5.853246071210088e-07,6.886171848482456e-07,8.101378645273478e-07,9.531033700321739e-07,6.181967282844321e-09,7.2729026856992016e-09,8.55635610082259e-09,1.0066301295085401e-08,1.1842707405982824e-08,1.3932596948215088e-08,2.742971725099215e-09,,0.0004372810944914818,2.326376125216484
290,0.898534893989563,0.04,0.0003371242281199307,0.4124155342578888,0.27114740014076233,0.21497194468975067,1.0304273901612564e-05,1.0304273901612564e-06,2.5206795948082608e-09,2.965505405656777e-09,3.488829889007973e-09,1.5062930174125107e-08,1.7721094322500126e-08,2.0848346261764852e-08,2.4527466190311592e-08,2.8855842576837173e-08,3.394805009039667e-08,3.9938882459290195e-08,4.698692054034142e-08,5.527873004746049e-08,6.503380005583587e-08,4.104505751774086e-09,7.651035300686573e-08,9.001218000807734e-08,1.0589668236244394e-07,1.245843321911105e-07,1.4656980257777705e-07,1.724350618562083e-07,2.028647786543627e-07,2.3866444547572083e-07,2.807817005596716e-07,3.3033141242314305e-07,4.828830296204808e-09,3.886251910860507e-07,4.5720610716005965e-07,5.378895378353642e-07,6.328112209827816e-07,7.444837893915076e-07,8.758632816370679e-07,5.68097681906448e-09,6.683502140075859e-09,7.862943694206893e-09,9.25052199318458e-09,1.0882967050805387e-08,1.280349064800634e-08,2.5206795948082608e-09,,0.000789404846727848,2.42941633798182
300,1.1135108470916748,0.05,0.0006442024669597714,0.5085277557373047,0.251419335603714,0.3535638153553009,9.999999999999999e-06,1e-06,2.446246692271823e-09,2.877937285025674e-09,3.38580857061844e-09,1.461813837437671e-08,1.7197809852207897e-08,2.0232717473185757e-08,2.3803197027277364e-08,2.8003761208561608e-08,3.294560142183718e-08,3.875953108451433e-08,4.559944833472275e-08,5.3646409805556176e-08,6.311342330065432e-08,3.983304200727577e-09,7.425108623606392e-08,8.735421910125166e-08,1.0276966953088432e-07,1.2090549356574625e-07,1.4224175713617206e-07,1.673432436896142e-07,1.9687440434072258e-07,2.3161694628320305e-07,2.7249052503906243e-07,3.205770882812499e-07,4.68624023615009e-09,3.7714951562499994e-07,4.4370531249999993e-07,5.220062499999998e-07,6.141249999999999e-07,7.224999999999999e-07,8.499999999999999e-07,5.513223807235401e-09,6.48614565557106e-09,7.630759594789482e-09,8.977364229164097e-09,1.0561604975487171e-08,1.2425417618220204e-08,2.446246692271823e-09,0.018389122826712474,0.0007349308580160141,11.989934641867876
