suite,head,backbone,step,action_dit_loss,epoch,learning_rate/action_model,learning_rate/base,learning_rate/qwen_vl_interface,mse_score,timing/data,timing/model
goal,qwenoft,mh,10,0.6345531344413757,0.0,3.3333333333333335e-05,,3.3333333333333335e-05,,0.0005981875583529472,1.297557108104229
goal,qwenoft,mh,20,0.6288456916809082,0.0,6.666666666666667e-05,,6.666666666666667e-05,,0.000573212280869484,1.4682414317503572
goal,qwenoft,mh,30,0.5602213740348816,0.0,0.0001,,0.0001,,0.0006208084523677826,1.354108676314354
goal,qwenoft,mh,40,0.3823799192905426,0.01,9.967544117161328e-05,,9.967544117161328e-05,,0.000583217479288578,1.339815148152411
goal,qwenoft,mh,50,0.3280007839202881,0.01,9.870615378783155e-05,,9.870615378783155e-05,0.016999006271362305,0.0007400605827569962,1.298972373828292
goal,qwenoft,mh,60,0.30711254477500916,0.01,9.71052457977236e-05,,9.71052457977236e-05,,0.0006741192191839218,1.3658213894814253
goal,qwenoft,mh,70,0.28925514221191406,0.01,9.48943667355238e-05,,9.48943667355238e-05,,0.0008472157642245293,1.3591216476634145
goal,qwenoft,mh,80,0.27377304434776306,0.01,9.210341494782096e-05,,9.210341494782096e-05,,0.000500519759953022,1.4965370371937752
goal,qwenoft,mh,90,0.31681931018829346,0.01,8.877013326971095e-05,,8.877013326971095e-05,,0.0010603144764900208,1.4019104363396764
goal,qwenoft,mh,100,0.29446086287498474,0.02,8.493959861769923e-05,,8.493959861769923e-05,0.014184620763574327,0.0014094309881329536,1.3667849889025092
goal,qwenoft,mh,110,0.2685934007167816,0.02,8.066361240173374e-05,,8.066361240173374e-05,,0.0011573098599910736,1.4743208568543196
goal,qwenoft,mh,120,0.31469032168388367,0.02,7.6e-05,,7.6e-05,,0.0005159256979823112,1.541574857197702
goal,qwenoft,mh,130,0.35683000087738037,0.02,7.101182876987953e-05,,7.101182876987953e-05,,0.0010573603212833405,1.4572422346100211
goal,qwenoft,mh,140,0.26795831322669983,0.02,6.576655517013234e-05,,6.576655517013234e-05,,0.0008782483637332916,1.3660445641726255
goal,qwenoft,mh,150,0.24225184321403503,0.02,6.033511252801267e-05,,6.033511252801267e-05,0.01832108838217599,0.0007812893018126488,1.4426687089726329
goal,qwenoft,mh,160,0.20890475809574127,0.02,5.479095178770284e-05,,5.479095178770284e-05,,0.0008602570742368698,1.3656838415190578
goal,qwenoft,mh,170,0.2802314758300781,0.03,4.920904821229716e-05,,4.920904821229716e-05,,0.0007615964859724045,1.4231946868821979
goal,qwenoft,mh,180,0.26041847467422485,0.03,4.3664887471987345e-05,,4.3664887471987345e-05,,0.0007661385461688042,1.4183135880157351
goal,qwenoft,mh,190,0.19948841631412506,0.03,3.823344482986768e-05,,3.823344482986768e-05,,0.0008562244474887848,1.3062197007238865
goal,qwenoft,mh,200,0.22935548424720764,0.03,3.2988171230120465e-05,,3.2988171230120465e-05,0.01711654237338475,0.000566272996366024,1.337531897239387
goal,qwenoft,mh,210,0.24933044612407684,0.03,2.800000000000001e-05,,2.800000000000001e-05,,0.0008973656222224236,1.5124546810984612
goal,qwenoft,mh,220,0.25154051184654236,0.03,2.3336387598266272e-05,,2.3336387598266272e-05,,0.0007842611521482468,1.4456528695300221
goal,qwenoft,mh,230,0.22000184655189514,0.04,1.906040138230079e-05,,1.906040138230079e-05,,0.0007121050730347633,1.3925126316025853
goal,qwenoft,mh,240,0.22079697251319885,0.04,1.5229866730289061e-05,,1.5229866730289061e-05,,0.0004371572285890579,1.4465465573593974
goal,qwenoft,mh,250,0.21251262724399567,0.04,1.1896585052179059e-05,,1.1896585052179059e-05,0.016650661826133728,0.0007007773965597153,1.3518695374950767
goal,qwenoft,mh,260,0.2271757423877716,0.04,9.105633264476216e-06,,9.105633264476216e-06,,0.000645466148853302,1.304440537467599
goal,qwenoft,mh,270,0.22227543592453003,0.04,6.8947542022764005e-06,,6.8947542022764005e-06,,0.0005864519625902176,1.4810224855318666
goal,qwenoft,mh,280,0.2167949378490448,0.04,5.293846212168457e-06,,5.293846212168457e-06,,0.0005769375711679459,1.3035844303667545
goal,qwenoft,mh,290,0.20428413152694702,0.04,4.324558828386734e-06,,4.324558828386734e-06,,0.0005979426205158234,1.6142949098721147
goal,qwenoft,mh,300,0.2100284993648529,0.05,4e-06,,4e-06,0.014628955296107702,0.0006986754015088081,1.385915762744844
goal,qwenoft,oft,10,0.8061972260475159,0.0,3.3333333333333335e-05,,3.3333333333333335e-05,,0.0007312996312975883,1.4171636709943414
goal,qwenoft,oft,20,0.5397089123725891,0.0,6.666666666666667e-05,,6.666666666666667e-05,,0.0006595505401492119,1.402436539530754
goal,qwenoft,oft,30,0.551741898059845,0.0,0.0001,,0.0001,,0.0005288366228342056,1.407700726762414
goal,qwenoft,oft,40,0.2994878888130188,0.01,9.967544117161328e-05,,9.967544117161328e-05,,0.0007927874103188515,1.4669837979599833
goal,qwenoft,oft,50,0.33734411001205444,0.01,9.870615378783155e-05,,9.870615378783155e-05,0.027526557445526123,0.0005839429795742035,1.4419794157147408
goal,qwenoft,oft,60,0.3407341241836548,0.01,9.71052457977236e-05,,9.71052457977236e-05,,0.0006582625210285187,1.392321421764791
goal,qwenoft,oft,70,0.3068218231201172,0.01,9.48943667355238e-05,,9.48943667355238e-05,,0.0006431108340620995,1.316551672294736
goal,qwenoft,oft,80,0.29886430501937866,0.01,9.210341494782096e-05,,9.210341494782096e-05,,0.0007070386782288551,1.411026269197464
goal,qwenoft,oft,90,0.3171886205673218,0.01,8.877013326971095e-05,,8.877013326971095e-05,,0.0007929224520921707,1.4742375602945685
goal,qwenoft,oft,100,0.34556344151496887,0.02,8.493959861769923e-05,,8.493959861769923e-05,0.018789497869355336,0.0006057517603039742,1.3724541384726763
goal,qwenoft,oft,110,0.3265622556209564,0.02,8.066361240173374e-05,,8.066361240173374e-05,,0.0004763379693031311,1.4123723907396197
goal,qwenoft,oft,120,0.29911181330680847,0.02,7.6e-05,,7.6e-05,,0.00048376433551311493,1.351909981109202
goal,qwenoft,oft,130,0.343284010887146,0.02,7.101182876987953e-05,,7.101182876987953e-05,,0.0009383969008922577,1.4236382311210036
goal,qwenoft,oft,140,0.24489423632621765,0.02,6.576655517013234e-05,,6.576655517013234e-05,,0.0008029546588659286,1.359768083319068
goal,qwenoft,oft,150,0.26756173372268677,0.02,6.033511252801267e-05,,6.033511252801267e-05,0.02081829948084695,0.0009459815919399261,1.3588259238749743
goal,qwenoft,oft,160,0.20204752683639526,0.02,5.479095178770284e-05,,5.479095178770284e-05,,0.0007573077455163002,1.5069474186748266
goal,qwenoft,oft,170,0.3440714180469513,0.03,4.920904821229716e-05,,4.920904821229716e-05,,0.0006414158269762993,1.3288981150835752
goal,qwenoft,oft,180,0.28384485840797424,0.03,4.3664887471987345e-05,,4.3664887471987345e-05,,0.000678754411637783,1.3779600784182549
goal,qwenoft,oft,190,0.2204618602991104,0.03,3.823344482986768e-05,,3.823344482986768e-05,,0.0007082102820277214,1.3859943309798837
goal,qwenoft,oft,200,0.23655767738819122,0.03,3.2988171230120465e-05,,3.2988171230120465e-05,0.018595150538853238,0.0006757602095603943,1.542297475039959
goal,qwenoft,oft,210,0.25469645857810974,0.03,2.800000000000001e-05,,2.800000000000001e-05,,0.0007808282971382141,1.3500328389927745
goal,qwenoft,oft,220,0.2192639857530594,0.03,2.3336387598266272e-05,,2.3336387598266272e-05,,0.0007125549018383026,1.3302438957616687
goal,qwenoft,oft,230,0.24113447964191437,0.04,1.906040138230079e-05,,1.906040138230079e-05,,0.0006261104717850685,1.3997175144031644
goal,qwenoft,oft,240,0.22870776057243347,0.04,1.5229866730289061e-05,,1.5229866730289061e-05,,0.0007574735209345818,1.4533464703708887
goal,qwenoft,oft,250,0.22501926124095917,0.04,1.1896585052179059e-05,,1.1896585052179059e-05,0.01712539472750255,0.0007835868746042252,1.5112224947661161
goal,qwenoft,oft,260,0.2305564433336258,0.04,9.105633264476216e-06,,9.105633264476216e-06,,0.0007068943232297897,1.4252017345279455
goal,qwenoft,oft,270,0.23655399680137634,0.04,6.8947542022764005e-06,,6.8947542022764005e-06,,0.0005474947392940521,1.5284793274477124
goal,qwenoft,oft,280,0.23901522159576416,0.04,5.293846212168457e-06,,5.293846212168457e-06,,0.0008584475144743919,1.2977358112111688
goal,qwenoft,oft,290,0.21029408276081085,0.04,4.324558828386734e-06,,4.324558828386734e-06,,0.0006924755871295929,1.4782420685514808
goal,qwenoft,oft,300,0.21089091897010803,0.05,4e-06,,4e-06,0.01598952284881047,0.0006088223308324814,1.3644287073984742
goal,qwenoft,oftef,10,0.6195199489593506,0.0,3.3333333333333335e-05,,3.3333333333333335e-05,,0.0007280400022864342,1.4557903669774532
goal,qwenoft,oftef,20,0.5130912065505981,0.0,6.666666666666667e-05,,6.666666666666667e-05,,0.0009245472028851509,1.4927852703258395
goal,qwenoft,oftef,30,0.586253821849823,0.0,0.0001,,0.0001,,0.0016476791352033615,1.4276031563058496
goal,qwenoft,oftef,40,0.4223998785018921,0.01,9.967544117161328e-05,,9.967544117161328e-05,,0.0008213743567466736,1.4514440381899476
goal,qwenoft,oftef,50,0.3916272819042206,0.01,9.870615378783155e-05,,9.870615378783155e-05,0.02464228229863303,0.0007823146879673004,1.5524417776614428
goal,qwenoft,oftef,60,0.29221320152282715,0.01,9.71052457977236e-05,,9.71052457977236e-05,,0.0005971165373921394,1.4903054358437657
goal,qwenoft,oftef,70,0.3804112374782562,0.01,9.48943667355238e-05,,9.48943667355238e-05,,0.0009350739419460297,1.4892189903184772
goal,qwenoft,oftef,80,0.3793753385543823,0.01,9.210341494782096e-05,,9.210341494782096e-05,,0.0005985889583826065,1.398149169050157
goal,qwenoft,oftef,90,0.24937157332897186,0.01,8.877013326971095e-05,,8.877013326971095e-05,,0.0006994791328907013,1.2631876692175865
goal,qwenoft,oftef,100,0.35934606194496155,0.02,8.493959861769923e-05,,8.493959861769923e-05,0.018461108207702637,0.0005812980234622955,1.184486203826964
goal,qwenoft,oftef,110,0.320019394159317,0.02,8.066361240173374e-05,,8.066361240173374e-05,,0.0006943605840206146,1.3568145586177707
goal,qwenoft,oftef,120,0.31877005100250244,0.02,7.6e-05,,7.6e-05,,0.0007870057597756386,1.1094443900510669
goal,qwenoft,oftef,130,0.38628116250038147,0.02,7.101182876987953e-05,,7.101182876987953e-05,,0.0006147259846329689,1.1506722439080477
goal,qwenoft,oftef,140,0.29781752824783325,0.02,6.576655517013234e-05,,6.576655517013234e-05,,0.0005918601527810097,1.0897192331030965
goal,qwenoft,oftef,150,0.30377334356307983,0.02,6.033511252801267e-05,,6.033511252801267e-05,0.022706906710352217,0.0006490740925073624,0.7109884349629283
goal,qwenoft,oftef,160,0.2805418372154236,0.02,5.479095178770284e-05,,5.479095178770284e-05,,0.0008038775995373726,0.8513266909867525
goal,qwenoft,oftef,170,0.3356693387031555,0.03,4.920904821229716e-05,,4.920904821229716e-05,,0.0004291357472538948,1.0399767449125648
goal,qwenoft,oftef,180,0.2753227949142456,0.03,4.3664887471987345e-05,,4.3664887471987345e-05,,0.0004023974761366844,0.9797810930758715
goal,qwenoft,oftef,190,0.23012015223503113,0.03,3.823344482986768e-05,,3.823344482986768e-05,,0.000696185976266861,0.8312123296782374
goal,qwenoft,oftef,200,0.23979145288467407,0.03,3.2988171230120465e-05,,3.2988171230120465e-05,0.018009322030203685,0.0006951559334993362,0.8331399522721767
goal,qwenoft,oftef,210,0.29155397415161133,0.03,2.800000000000001e-05,,2.800000000000001e-05,,0.0004418417811393738,0.8140054205432534
goal,qwenoft,oftef,220,0.26493531465530396,0.03,2.3336387598266272e-05,,2.3336387598266272e-05,,0.0007241414859890938,0.8216847898438573
goal,qwenoft,oftef,230,0.24187655746936798,0.04,1.906040138230079e-05,,1.906040138230079e-05,,0.0006361417472362518,0.45629025530070066
goal,qwenoft,oftef,240,0.24174854159355164,0.04,1.5229866730289061e-05,,1.5229866730289061e-05,,0.0006054341793060303,0.47814206313341856
goal,qwenoft,oftef,250,0.23707926273345947,0.04,1.1896585052179059e-05,,1.1896585052179059e-05,0.016876193029539927,0.0004957607015967369,0.9865267658606172
goal,qwenoft,oftef,260,0.2430109977722168,0.04,9.105633264476216e-06,,9.105633264476216e-06,,0.0008855601772665977,0.5970724420621991
goal,qwenoft,oftef,270,0.23876091837882996,0.04,6.8947542022764005e-06,,6.8947542022764005e-06,,0.0005852440372109413,1.0232748640701175
goal,qwenoft,oftef,280,0.24927152693271637,0.04,5.293846212168457e-06,,5.293846212168457e-06,,0.0005809301510453224,0.5007884297519922
goal,qwenoft,oftef,290,0.2123376727104187,0.04,4.324558828386734e-06,,4.324558828386734e-06,,0.0006006360054016113,0.9223526399582624
goal,qwenoft,oftef,300,0.21332408487796783,0.05,4e-06,,4e-06,0.01607180173907961,0.0005970699712634087,1.1315077459439635
goal,qwenoft,pre,10,0.7512525916099548,0.0,3.3333333333333335e-05,,3.3333333333333335e-05,,0.0012493990361690521,1.5352796176448464
goal,qwenoft,pre,20,0.545678436756134,0.0,6.666666666666667e-05,,6.666666666666667e-05,,0.0006982320919632912,1.5037701670080423
goal,qwenoft,pre,30,0.5042650103569031,0.0,0.0001,,0.0001,,0.000568808987736702,1.5173305189236999
goal,qwenoft,pre,40,0.3431705832481384,0.01,9.967544117161328e-05,,9.967544117161328e-05,,0.0007129618898034096,1.5242869015783072
goal,qwenoft,pre,50,0.3150593340396881,0.01,9.870615378783155e-05,,9.870615378783155e-05,0.022786319255828857,0.0008722105994820595,1.5708175003528595
goal,qwenoft,pre,60,0.39003774523735046,0.01,9.71052457977236e-05,,9.71052457977236e-05,,0.0007885368540883064,1.7191342422738671
goal,qwenoft,pre,70,0.3859921395778656,0.01,9.48943667355238e-05,,9.48943667355238e-05,,0.0009173471480607986,1.454783114604652
goal,qwenoft,pre,80,0.35936227440834045,0.01,9.210341494782096e-05,,9.210341494782096e-05,,0.0009349854663014412,1.5288582621142268
goal,qwenoft,pre,90,0.3272011876106262,0.01,8.877013326971095e-05,,8.877013326971095e-05,,0.0013730386272072792,1.6050368901342154
goal,qwenoft,pre,100,0.33476269245147705,0.02,8.493959861769923e-05,,8.493959861769923e-05,0.01667864407811846,0.0004993537440896034,1.502708408050239
goal,qwenoft,pre,110,0.32280072569847107,0.02,8.066361240173374e-05,,8.066361240173374e-05,,0.0006120763719081879,1.4709895281121135
goal,qwenoft,pre,120,0.34001752734184265,0.02,7.6e-05,,7.6e-05,,0.0007065804675221443,1.788128487765789
goal,qwenoft,pre,130,0.3593152165412903,0.02,7.101182876987953e-05,,7.101182876987953e-05,,0.00047321617603302,1.6833006627857685
goal,qwenoft,pre,140,0.24712291359901428,0.02,6.576655517013234e-05,,6.576655517013234e-05,,0.0007739998400211334,1.5309341819956899
goal,qwenoft,pre,150,0.2668730616569519,0.02,6.033511252801267e-05,,6.033511252801267e-05,0.02111801505088806,0.0009033326059579849,1.485408566892147
goal,qwenoft,pre,160,0.2787514328956604,0.02,5.479095178770284e-05,,5.479095178770284e-05,,0.0008570393547415733,1.548036789521575
goal,qwenoft,pre,170,0.3580930829048157,0.03,4.920904821229716e-05,,4.920904821229716e-05,,0.0008065290749073029,1.4229960134252906
goal,qwenoft,pre,180,0.3118344247341156,0.03,4.3664887471987345e-05,,4.3664887471987345e-05,,0.00101397093385458,1.546380571089685
goal,qwenoft,pre,190,0.26744911074638367,0.03,3.823344482986768e-05,,3.823344482986768e-05,,0.0006443066522479057,1.3144931243732572
goal,qwenoft,pre,200,0.3150089383125305,0.03,3.2988171230120465e-05,,3.2988171230120465e-05,0.01800828959260668,0.0009955782443284988,1.4723609862849116
goal,qwenoft,pre,210,0.28057950735092163,0.03,2.800000000000001e-05,,2.800000000000001e-05,,0.0008039511740207672,1.564066824503243
goal,qwenoft,pre,220,0.269817054271698,0.03,2.3336387598266272e-05,,2.3336387598266272e-05,,0.0009831786155700684,1.5396724017336965
goal,qwenoft,pre,230,0.26843857765197754,0.04,1.906040138230079e-05,,1.906040138230079e-05,,0.0010957028716802597,1.4124500891193748
goal,qwenoft,pre,240,0.2563515603542328,0.04,1.5229866730289061e-05,,1.5229866730289061e-05,,0.0006230054423213005,1.388373764231801
goal,qwenoft,pre,250,0.2572951912879944,0.04,1.1896585052179059e-05,,1.1896585052179059e-05,0.018153150166784014,0.0006460156291723251,1.4983818186447024
goal,qwenoft,pre,260,0.28044673800468445,0.04,9.105633264476216e-06,,9.105633264476216e-06,,0.000614815391600132,1.4216018738225102
goal,qwenoft,pre,270,0.2606895864009857,0.04,6.8947542022764005e-06,,6.8947542022764005e-06,,0.000679967924952507,1.4461753517389297
goal,qwenoft,pre,280,0.2951238751411438,0.04,5.293846212168457e-06,,5.293846212168457e-06,,0.0007170885801315308,1.3703890601173043
goal,qwenoft,pre,290,0.25468793511390686,0.04,4.324558828386734e-06,,4.324558828386734e-06,,0.0007685497403144836,1.3869655197486281
goal,qwenoft,pre,300,0.2418493777513504,0.05,4e-06,,4e-06,0.018002037491117204,0.000780235044658184,1.4325884776189923
goal,qwenpiv3,mh,10,1.0939642190933228,0.0,3.3333333333333335e-05,8.333333333333334e-06,3.3333333333333335e-05,,0.000569446012377739,2.6258392417803407
goal,qwenpiv3,mh,20,0.692457377910614,0.0,6.666666666666667e-05,1.6666666666666667e-05,6.666666666666667e-05,,0.0005630990490317345,2.624611704610288
goal,qwenpiv3,mh,30,0.7996848225593567,0.0,0.0001,2.5e-05,0.0001,,0.00046382565051317215,2.5795250004157424
goal,qwenpiv3,mh,40,0.8761898875236511,0.01,9.967544117161328e-05,2.491886029290332e-05,9.967544117161328e-05,,0.0009207921102643013,2.654462962411344
goal,qwenpiv3,mh,50,0.616938591003418,0.01,9.870615378783155e-05,2.4676538446957887e-05,9.870615378783155e-05,0.02209086503301348,0.0005305791273713112,2.9391636420041323
goal,qwenpiv3,mh,60,0.5724411010742188,0.01,9.71052457977236e-05,2.42763114494309e-05,9.71052457977236e-05,,0.000529758632183075,2.7272200100123882
goal,qwenpiv3,mh,70,0.509531557559967,0.01,9.48943667355238e-05,2.372359168388095e-05,9.48943667355238e-05,,0.0007385145872831345,2.6393191013485193
goal,qwenpiv3,mh,80,0.6079393625259399,0.01,9.210341494782096e-05,2.302585373695524e-05,9.210341494782096e-05,,0.0004650084301829338,2.605883587151766
goal,qwenpiv3,mh,90,0.4717736542224884,0.01,8.877013326971095e-05,2.2192533317427737e-05,8.877013326971095e-05,,0.0006957203149795532,2.615882858633995
goal,qwenpiv3,mh,100,0.5797900557518005,0.02,8.493959861769923e-05,2.1234899654424807e-05,8.493959861769923e-05,0.01972707041672298,0.0008247401565313339,2.591192097403109
goal,qwenpiv3,mh,110,0.4671263098716736,0.02,8.066361240173374e-05,2.0165903100433436e-05,8.066361240173374e-05,,0.0004556030035018921,2.603963939473033
goal,qwenpiv3,mh,120,0.5863685607910156,0.02,7.6e-05,1.9e-05,7.6e-05,,0.0007112929597496986,2.637632604688406
goal,qwenpiv3,mh,130,0.5588855147361755,0.02,7.101182876987953e-05,1.7752957192469884e-05,7.101182876987953e-05,,0.0007779933512210846,2.7689346354454756
goal,qwenpiv3,mh,140,0.41415855288505554,0.02,6.576655517013234e-05,1.6441638792533085e-05,6.576655517013234e-05,,0.0005537122488021851,2.59166167024523
goal,qwenpiv3,mh,150,0.4209943115711212,0.02,6.033511252801267e-05,1.5083778132003167e-05,6.033511252801267e-05,0.023398923022406443,0.0008602757006883621,2.7302982369437814
goal,qwenpiv3,mh,160,0.39398086071014404,0.02,5.479095178770284e-05,1.369773794692571e-05,5.479095178770284e-05,,0.000678294338285923,2.7303825318813324
goal,qwenpiv3,mh,170,0.49617162346839905,0.03,4.920904821229716e-05,1.230226205307429e-05,4.920904821229716e-05,,0.0005530761554837227,2.7567494632676244
goal,qwenpiv3,mh,180,0.42621147632598877,0.03,4.3664887471987345e-05,1.0916221867996836e-05,4.3664887471987345e-05,,0.0006454456597566605,2.5113536110147834
goal,qwenpiv3,mh,190,0.36250200867652893,0.03,3.823344482986768e-05,9.55836120746692e-06,3.823344482986768e-05,,0.0009461734443902969,2.615109554491937
goal,qwenpiv3,mh,200,0.27633538842201233,0.03,3.2988171230120465e-05,8.247042807530116e-06,3.2988171230120465e-05,0.01625419727393559,0.0004162471741437912,2.735739255324006
goal,qwenpiv3,mh,210,0.31898391246795654,0.03,2.800000000000001e-05,7.0000000000000024e-06,2.800000000000001e-05,,0.0008057262748479843,2.5848226360976696
goal,qwenpiv3,mh,220,0.3311871886253357,0.03,2.3336387598266272e-05,5.834096899566568e-06,2.3336387598266272e-05,,0.0004017418250441551,2.607589934952557
goal,qwenpiv3,mh,230,0.3883958160877228,0.04,1.906040138230079e-05,4.765100345575197e-06,1.906040138230079e-05,,0.0005899937823414803,2.6496928771957755
goal,qwenpiv3,mh,240,0.2625572681427002,0.04,1.5229866730289061e-05,3.8074666825722652e-06,1.5229866730289061e-05,,0.0004294672980904579,2.7321563186123967
goal,qwenpiv3,mh,250,0.31779152154922485,0.04,1.1896585052179059e-05,2.9741462630447647e-06,1.1896585052179059e-05,0.017177332724843706,0.0006888071075081825,2.776861196383834
goal,qwenpiv3,mh,260,0.3648545444011688,0.04,9.105633264476216e-06,2.276408316119054e-06,9.105633264476216e-06,,0.0004954030737280846,2.722223629243672
goal,qwenpiv3,mh,270,0.356732040643692,0.04,6.8947542022764005e-06,1.7236885505691001e-06,6.8947542022764005e-06,,0.0007003070786595345,2.9820470018312335
goal,qwenpiv3,mh,280,0.31739768385887146,0.04,5.293846212168457e-06,1.3234615530421141e-06,5.293846212168457e-06,,0.0005660252645611763,2.80223869625479
goal,qwenpiv3,mh,290,0.26658856868743896,0.04,4.324558828386734e-06,1.0811397070966836e-06,4.324558828386734e-06,,0.0007444806396961212,2.523802855052054
goal,qwenpiv3,mh,300,0.33075252175331116,0.05,4e-06,1e-06,4e-06,0.01568907392876489,0.000981631688773632,2.696256526745856
goal,qwenpiv3,oft,10,1.2387464046478271,0.0,3.3333333333333335e-05,8.333333333333334e-06,3.3333333333333335e-05,,0.0007446063682436943,2.7377444710582495
goal,qwenpiv3,oft,20,0.9067736268043518,0.0,6.666666666666667e-05,1.6666666666666667e-05,6.666666666666667e-05,,0.001025230623781681,2.6969011295586824
goal,qwenpiv3,oft,30,0.9160309433937073,0.0,0.0001,2.5e-05,0.0001,,0.0005371840670704842,2.6968887876719236
goal,qwenpiv3,oft,40,0.6384580731391907,0.01,9.967544117161328e-05,2.491886029290332e-05,9.967544117161328e-05,,0.0007661720737814903,2.654819855466485
goal,qwenpiv3,oft,50,0.5997201204299927,0.01,9.870615378783155e-05,2.4676538446957887e-05,9.870615378783155e-05,0.027840929371970042,0.0006273854523897171,2.6528550665825605
goal,qwenpiv3,oft,60,0.6284210085868835,0.01,9.71052457977236e-05,2.42763114494309e-05,9.71052457977236e-05,,0.0007893964648246765,2.6411878373473883
goal,qwenpiv3,oft,70,0.4446730613708496,0.01,9.48943667355238e-05,2.372359168388095e-05,9.48943667355238e-05,,0.001053929328918457,2.6438026931136847
goal,qwenpiv3,oft,80,0.5679301619529724,0.01,9.210341494782096e-05,2.302585373695524e-05,9.210341494782096e-05,,0.0009193168953061104,2.60429478995502
goal,qwenpiv3,oft,90,0.5420095324516296,0.01,8.877013326971095e-05,2.2192533317427737e-05,8.877013326971095e-05,,0.0009501753374934196,2.657162416726351
goal,qwenpiv3,oft,100,0.6277109384536743,0.02,8.493959861769923e-05,2.1234899654424807e-05,8.493959861769923e-05,0.01654153423649924,0.0007874723523855209,2.8332191221415997
goal,qwenpiv3,oft,110,0.43909892439842224,0.02,8.066361240173374e-05,2.0165903100433436e-05,8.066361240173374e-05,,0.0009069694206118584,2.6354604810476303
goal,qwenpiv3,oft,120,0.4800645411014557,0.02,7.6e-05,1.9e-05,7.6e-05,,0.000963827595114708,2.5466147297993302
goal,qwenpiv3,oft,130,0.5874089598655701,0.02,7.101182876987953e-05,1.7752957192469884e-05,7.101182876987953e-05,,0.0006454344838857651,2.6207424383610487
goal,qwenpiv3,oft,140,0.3339727222919464,0.02,6.576655517013234e-05,1.6441638792533085e-05,6.576655517013234e-05,,0.0008263913914561272,2.6515295021235943
goal,qwenpiv3,oft,150,0.42738884687423706,0.02,6.033511252801267e-05,1.5083778132003167e-05,6.033511252801267e-05,0.023165853960173472,0.0009874086827039719,2.624910354614258
goal,qwenpiv3,oft,160,0.3778313994407654,0.02,5.479095178770284e-05,1.369773794692571e-05,5.479095178770284e-05,,0.0006816470995545387,2.6317074205726385
goal,qwenpiv3,oft,170,0.4701596796512604,0.03,4.920904821229716e-05,1.230226205307429e-05,4.920904821229716e-05,,0.0007315482944250107,2.5395368495956063
goal,qwenpiv3,oft,180,0.42879727482795715,0.03,4.3664887471987345e-05,1.0916221867996836e-05,4.3664887471987345e-05,,0.0007503768429160118,2.550617018714547
goal,qwenpiv3,oft,190,0.3712840676307678,0.03,3.823344482986768e-05,9.55836120746692e-06,3.823344482986768e-05,,0.0005823438987135887,2.838794367387891
goal,qwenpiv3,oft,200,0.31581416726112366,0.03,3.2988171230120465e-05,8.247042807530116e-06,3.2988171230120465e-05,0.016168490052223206,0.000807018019258976,2.7501126071438193
goal,qwenpiv3,oft,210,0.3805387616157532,0.03,2.800000000000001e-05,7.0000000000000024e-06,2.800000000000001e-05,,0.0007032891735434532,2.7059130389243364
goal,qwenpiv3,oft,220,0.3591075539588928,0.03,2.3336387598266272e-05,5.834096899566568e-06,2.3336387598266272e-05,,0.0009835166856646538,2.5610566437244415
goal,qwenpiv3,oft,230,0.389444500207901,0.04,1.906040138230079e-05,4.765100345575197e-06,1.906040138230079e-05,,0.0006489558145403862,2.721784660592675
goal,qwenpiv3,oft,240,0.2572367191314697,0.04,1.5229866730289061e-05,3.8074666825722652e-06,1.5229866730289061e-05,,0.0007939152419567108,2.586051450110972
goal,qwenpiv3,oft,250,0.30290061235427856,0.04,1.1896585052179059e-05,2.9741462630447647e-06,1.1896585052179059e-05,0.0161618600998606,0.0005207350477576256,2.670609686523676
goal,qwenpiv3,oft,260,0.3746904134750366,0.04,9.105633264476216e-06,2.276408316119054e-06,9.105633264476216e-06,,0.0005496041849255562,2.7414762917906046
goal,qwenpiv3,oft,270,0.34018680453300476,0.04,6.8947542022764005e-06,1.7236885505691001e-06,6.8947542022764005e-06,,0.0007139667868614197,2.7362536154687405
goal,qwenpiv3,oft,280,0.30920764803886414,0.04,5.293846212168457e-06,1.3234615530421141e-06,5.293846212168457e-06,,0.0010325480252504349,2.6101334020495415
goal,qwenpiv3,oft,290,0.2754304111003876,0.04,4.324558828386734e-06,1.0811397070966836e-06,4.324558828386734e-06,,0.0006482163444161415,2.6224764604121447
goal,qwenpiv3,oft,300,0.32136020064353943,0.05,4e-06,1e-06,4e-06,0.015525947724069868,0.0007706889882683754,2.63500155787915
goal,qwenpiv3,oftef,10,1.1880433559417725,0.0,3.3333333333333335e-05,8.333333333333334e-06,3.3333333333333335e-05,,0.0005414858460426331,2.3847721330821514
goal,qwenpiv3,oftef,20,1.2599626779556274,0.0,6.666666666666667e-05,1.6666666666666667e-05,6.666666666666667e-05,,0.0005191946402192116,2.4354976266622543
goal,qwenpiv3,oftef,30,0.7397115230560303,0.0,0.0001,2.5e-05,0.0001,,0.0005104430019855499,2.3748450437560678
goal,qwenpiv3,oftef,40,0.7490813732147217,0.01,9.967544117161328e-05,2.491886029290332e-05,9.967544117161328e-05,,0.0005803843960165977,2.457896765321493
goal,qwenpiv3,oftef,50,0.6856223940849304,0.01,9.870615378783155e-05,2.4676538446957887e-05,9.870615378783155e-05,0.02579029755932944,0.0009066294878721237,2.447855764068663
goal,qwenpiv3,oftef,60,0.6386115550994873,0.01,9.71052457977236e-05,2.42763114494309e-05,9.71052457977236e-05,,0.0006492296233773232,2.5190670965239406
goal,qwenpiv3,oftef,70,0.44018155336380005,0.01,9.48943667355238e-05,2.372359168388095e-05,9.48943667355238e-05,,0.000786895863711834,2.5076682716608047
goal,qwenpiv3,oftef,80,0.580245852470398,0.01,9.210341494782096e-05,2.302585373695524e-05,9.210341494782096e-05,,0.0007799547165632248,2.4462395887821913
goal,qwenpiv3,oftef,90,0.484215646982193,0.01,8.877013326971095e-05,2.2192533317427737e-05,8.877013326971095e-05,,0.0007857838645577431,2.38477364461869
goal,qwenpiv3,oftef,100,0.572356641292572,0.02,8.493959861769923e-05,2.1234899654424807e-05,8.493959861769923e-05,0.019764534064701626,0.0010340586304664612,2.3526767771691084
goal,qwenpiv3,oftef,110,0.45110228657722473,0.02,8.066361240173374e-05,2.0165903100433436e-05,8.066361240173374e-05,,0.0005682632327079773,2.403095133602619
goal,qwenpiv3,oftef,120,0.5166237354278564,0.02,7.6e-05,1.9e-05,7.6e-05,,0.0006405459716916084,2.4369159173220396
goal,qwenpiv3,oftef,130,0.5329779386520386,0.02,7.101182876987953e-05,1.7752957192469884e-05,7.101182876987953e-05,,0.0006106309592723846,2.485173437744379
goal,qwenpiv3,oftef,140,0.3392825424671173,0.02,6.576655517013234e-05,1.6441638792533085e-05,6.576655517013234e-05,,0.0005009490996599197,2.420944729819894
goal,qwenpiv3,oftef,150,0.43283581733703613,0.02,6.033511252801267e-05,1.5083778132003167e-05,6.033511252801267e-05,0.022785955241748264,0.0005393419414758682,2.467662557028234
goal,qwenpiv3,oftef,160,0.3806211054325104,0.02,5.479095178770284e-05,1.369773794692571e-05,5.479095178770284e-05,,0.0007739262655377388,2.831206771545112
goal,qwenpiv3,oftef,170,0.47275522351264954,0.03,4.920904821229716e-05,1.230226205307429e-05,4.920904821229716e-05,,0.0007468629628419876,2.8104405011981726
goal,qwenpiv3,oftef,180,0.41155970096588135,0.03,4.3664887471987345e-05,1.0916221867996836e-05,4.3664887471987345e-05,,0.0010191062465310097,2.7183755477890372
goal,qwenpiv3,oftef,190,0.35903558135032654,0.03,3.823344482986768e-05,9.55836120746692e-06,3.823344482986768e-05,,0.00044722389429807663,2.7862886767834425
goal,qwenpiv3,oftef,200,0.35035306215286255,0.03,3.2988171230120465e-05,8.247042807530116e-06,3.2988171230120465e-05,0.01683311696563448,0.0011920835822820663,2.68878635391593
goal,qwenpiv3,oftef,210,0.3563690483570099,0.03,2.800000000000001e-05,7.0000000000000024e-06,2.800000000000001e-05,,0.0007946193218231201,2.62741063721478
goal,qwenpiv3,oftef,220,0.3554486036300659,0.03,2.3336387598266272e-05,5.834096899566568e-06,2.3336387598266272e-05,,0.0008592903614044189,2.9539411338046193
goal,qwenpiv3,oftef,230,0.3901313245296478,0.04,1.906040138230079e-05,4.765100345575197e-06,1.906040138230079e-05,,0.0005689123645424843,2.6887858733534813
goal,qwenpiv3,oftef,240,0.2790350615978241,0.04,1.5229866730289061e-05,3.8074666825722652e-06,1.5229866730289061e-05,,0.0006708456203341484,2.6867813784629107
goal,qwenpiv3,oftef,250,0.3363798260688782,0.04,1.1896585052179059e-05,2.9741462630447647e-06,1.1896585052179059e-05,0.017172822994845256,0.0007253317162394524,2.8175950068980455
goal,qwenpiv3,oftef,260,0.37444645166397095,0.04,9.105633264476216e-06,2.276408316119054e-06,9.105633264476216e-06,,0.0006200512871146202,2.786612437106669
goal,qwenpiv3,oftef,270,0.3443581759929657,0.04,6.8947542022764005e-06,1.7236885505691001e-06,6.8947542022764005e-06,,0.0008404720574617386,2.7427565790712833
goal,qwenpiv3,oftef,280,0.32346802949905396,0.04,5.293846212168457e-06,1.3234615530421141e-06,5.293846212168457e-06,,0.0007925359532237053,2.7773724952712655
goal,qwenpiv3,oftef,290,0.2763081192970276,0.04,4.324558828386734e-06,1.0811397070966836e-06,4.324558828386734e-06,,0.0005635395646095276,2.7799580758437514
goal,qwenpiv3,oftef,300,0.3321952223777771,0.05,4e-06,1e-06,4e-06,0.01569953773702894,0.00046167708933353424,2.6349897887557745
goal,qwenpiv3,pre,10,1.243346095085144,0.0,3.3333333333333335e-05,8.333333333333334e-06,3.3333333333333335e-05,,0.0005500176921486855,2.7043343549594283
goal,qwenpiv3,pre,20,0.9228284955024719,0.0,6.666666666666667e-05,1.6666666666666667e-05,6.666666666666667e-05,,0.0008556945249438286,2.623713094741106
goal,qwenpiv3,pre,30,0.8323456645011902,0.0,0.0001,2.5e-05,0.0001,,0.000853261910378933,2.6106112487614155
goal,qwenpiv3,pre,40,0.9015079736709595,0.01,9.967544117161328e-05,2.491886029290332e-05,9.967544117161328e-05,,0.0015404513105750084,2.631972433999181
goal,qwenpiv3,pre,50,0.6267707943916321,0.01,9.870615378783155e-05,2.4676538446957887e-05,9.870615378783155e-05,0.02334384194442204,0.0007848683744668961,2.6571767264977098
goal,qwenpiv3,pre,60,0.6687129735946655,0.01,9.71052457977236e-05,2.42763114494309e-05,9.71052457977236e-05,,0.0006231758743524551,2.682572348974645
goal,qwenpiv3,pre,70,0.4928988516330719,0.01,9.48943667355238e-05,2.372359168388095e-05,9.48943667355238e-05,,0.0007200147956609726,2.6878900304436684
goal,qwenpiv3,pre,80,0.6008728742599487,0.01,9.210341494782096e-05,2.302585373695524e-05,9.210341494782096e-05,,0.0007061334326863289,2.684686644002795
goal,qwenpiv3,pre,90,0.4490721821784973,0.01,8.877013326971095e-05,2.2192533317427737e-05,8.877013326971095e-05,,0.0010506436228752136,2.589052140712738
goal,qwenpiv3,pre,100,0.6346071362495422,0.02,8.493959861769923e-05,2.1234899654424807e-05,8.493959861769923e-05,0.0201858856848308,0.0004585999995470047,2.663912090472877
goal,qwenpiv3,pre,110,0.46619880199432373,0.02,8.066361240173374e-05,2.0165903100433436e-05,8.066361240173374e-05,,0.0006553279235959053,2.7577307410538197
goal,qwenpiv3,pre,120,0.589923620223999,0.02,7.6e-05,1.9e-05,7.6e-05,,0.0004942435771226883,2.692488453350961
goal,qwenpiv3,pre,130,0.5068416595458984,0.02,7.101182876987953e-05,1.7752957192469884e-05,7.101182876987953e-05,,0.0010228902101516724,2.6880716048181057
goal,qwenpiv3,pre,140,0.33919113874435425,0.02,6.576655517013234e-05,1.6441638792533085e-05,6.576655517013234e-05,,0.0007800059393048286,2.6147431852295995
goal,qwenpiv3,pre,150,0.41795721650123596,0.02,6.033511252801267e-05,1.5083778132003167e-05,6.033511252801267e-05,0.02325237648827689,0.0009474242106080055,2.670180045068264
goal,qwenpiv3,pre,160,0.35829082131385803,0.02,5.479095178770284e-05,1.369773794692571e-05,5.479095178770284e-05,,0.000712122768163681,2.71751924790442
goal,qwenpiv3,pre,170,0.47467711567878723,0.03,4.920904821229716e-05,1.230226205307429e-05,4.920904821229716e-05,,0.0006746416911482811,2.6122659742832184
goal,qwenpiv3,pre,180,0.42853453755378723,0.03,4.3664887471987345e-05,1.0916221867996836e-05,4.3664887471987345e-05,,0.0007374454289674759,2.682216677814722
goal,qwenpiv3,pre,190,0.3826620280742645,0.03,3.823344482986768e-05,9.55836120746692e-06,3.823344482986768e-05,,0.0006660027429461479,2.639699154533446
goal,qwenpiv3,pre,200,0.31708309054374695,0.03,3.2988171230120465e-05,8.247042807530116e-06,3.2988171230120465e-05,0.015643063400472914,0.0006948700174689293,2.7662797439843416
goal,qwenpiv3,pre,210,0.34019941091537476,0.03,2.800000000000001e-05,7.0000000000000024e-06,2.800000000000001e-05,,0.0009402446448802948,2.6700999783352017
goal,qwenpiv3,pre,220,0.34103158116340637,0.03,2.3336387598266272e-05,5.834096899566568e-06,2.3336387598266272e-05,,0.0008313385769724846,2.6382894637063146
goal,qwenpiv3,pre,230,0.4098348021507263,0.04,1.906040138230079e-05,4.765100345575197e-06,1.906040138230079e-05,,0.0007219724357128143,2.673516790382564
goal,qwenpiv3,pre,240,0.26498711109161377,0.04,1.5229866730289061e-05,3.8074666825722652e-06,1.5229866730289061e-05,,0.0005221143364906311,2.7356683453544974
goal,qwenpiv3,pre,250,0.31735315918922424,0.04,1.1896585052179059e-05,2.9741462630447647e-06,1.1896585052179059e-05,0.01786635603223528,0.0005854656919836998,2.58823349326849
goal,qwenpiv3,pre,260,0.3846210539340973,0.04,9.105633264476216e-06,2.276408316119054e-06,9.105633264476216e-06,,0.0006778845563530922,2.67991141974926
goal,qwenpiv3,pre,270,0.3478480577468872,0.04,6.8947542022764005e-06,1.7236885505691001e-06,6.8947542022764005e-06,,0.0006260797381401062,2.704417950473726
goal,qwenpiv3,pre,280,0.32667064666748047,0.04,5.293846212168457e-06,1.3234615530421141e-06,5.293846212168457e-06,,0.0007542194798588753,2.5805468829348683
goal,qwenpiv3,pre,290,0.2731618583202362,0.04,4.324558828386734e-06,1.0811397070966836e-06,4.324558828386734e-06,,0.0006098654121160507,2.657071191817522
goal,qwenpiv3,pre,300,0.33350345492362976,0.05,4e-06,1e-06,4e-06,0.015699490904808044,0.0006958777084946632,2.651923661120236
spatial,qwenoft,mh,10,0.540662407875061,0.0,3.3333333333333335e-05,,3.3333333333333335e-05,,0.001282871700823307,2.327796191908419
spatial,qwenoft,mh,20,0.517077624797821,0.0,6.666666666666667e-05,,6.666666666666667e-05,,0.0007529938593506813,2.179405014961958
spatial,qwenoft,mh,30,0.39168134331703186,0.0,0.0001,,0.0001,,0.001085350289940834,2.361695975996554
spatial,qwenoft,mh,40,0.4890451729297638,0.01,9.967544117161328e-05,,9.967544117161328e-05,,0.0009820247069001198,2.4058087542653084
spatial,qwenoft,mh,50,0.3378761410713196,0.01,9.870615378783155e-05,,9.870615378783155e-05,0.021715873054095676,0.0013052616268396378,2.223654765635729
spatial,qwenoft,mh,60,0.4200190305709839,0.01,9.71052457977236e-05,,9.71052457977236e-05,,0.0007603215053677559,2.4251671992242336
spatial,qwenoft,mh,70,0.37759461998939514,0.01,9.48943667355238e-05,,9.48943667355238e-05,,0.0010092202574014664,2.1722221365198493
spatial,qwenoft,mh,80,0.35318443179130554,0.01,9.210341494782096e-05,,9.210341494782096e-05,,0.0009239204227924347,2.1615706998854876
spatial,qwenoft,mh,90,0.26552319526672363,0.01,8.877013326971095e-05,,8.877013326971095e-05,,0.0007414976134896278,2.3245658250525594
spatial,qwenoft,mh,100,0.33153289556503296,0.02,8.493959861769923e-05,,8.493959861769923e-05,0.029669118779046193,0.0010774629190564156,2.567229164764285
spatial,qwenoft,mh,110,0.3412301242351532,0.02,8.066361240173374e-05,,8.066361240173374e-05,,0.0011422447860240936,2.366614244878292
spatial,qwenoft,mh,120,0.298521488904953,0.02,7.6e-05,,7.6e-05,,0.0008037164807319641,2.333634133450687
spatial,qwenoft,mh,130,0.33041954040527344,0.02,7.101182876987953e-05,,7.101182876987953e-05,,0.0009533874690532684,2.361966248601675
spatial,qwenoft,mh,140,0.33704984188079834,0.02,6.576655517013234e-05,,6.576655517013234e-05,,0.0010670395568013191,2.191597441211343
spatial,qwenoft,mh,150,0.30903545022010803,0.02,6.033511252801267e-05,,6.033511252801267e-05,0.017471034611974443,0.0008525233715772629,2.2932728407904506
spatial,qwenoft,mh,160,0.29397764801979065,0.02,5.479095178770284e-05,,5.479095178770284e-05,,0.001166660338640213,2.169632504694164
spatial,qwenoft,mh,170,0.28791511058807373,0.03,4.920904821229716e-05,,4.920904821229716e-05,,0.000838354229927063,2.2253102688118815
spatial,qwenoft,mh,180,0.28397512435913086,0.03,4.3664887471987345e-05,,4.3664887471987345e-05,,0.0009050127118825912,2.354936119168997
spatial,qwenoft,mh,190,0.2555542588233948,0.03,3.823344482986768e-05,,3.823344482986768e-05,,0.0010069366544485092,2.4530417108908296
spatial,qwenoft,mh,200,0.29715782403945923,0.03,3.2988171230120465e-05,,3.2988171230120465e-05,0.014898140515599931,0.0007913922891020775,2.4351945649832487
spatial,qwenoft,mh,210,0.2327924221754074,0.03,2.800000000000001e-05,,2.800000000000001e-05,,0.0005906913429498672,2.2810648269951344
spatial,qwenoft,mh,220,0.2692646086215973,0.03,2.3336387598266272e-05,,2.3336387598266272e-05,,0.0008584717288613319,2.3448842586949468
spatial,qwenoft,mh,230,0.23255103826522827,0.03,1.906040138230079e-05,,1.906040138230079e-05,,0.0009832177311182022,2.290248847566545
spatial,qwenoft,mh,240,0.3281121253967285,0.04,1.5229866730289061e-05,,1.5229866730289061e-05,,0.0007821479812264442,2.1797877037897706
spatial,qwenoft,mh,250,0.2979186475276947,0.04,1.1896585052179059e-05,,1.1896585052179059e-05,0.016610650079590932,0.0008500562980771065,2.154106623493135
spatial,qwenoft,mh,260,0.27552133798599243,0.04,9.105633264476216e-06,,9.105633264476216e-06,,0.0010926639661192894,2.4667765451595187
spatial,qwenoft,mh,270,0.25412869453430176,0.04,6.8947542022764005e-06,,6.8947542022764005e-06,,0.0006432076916098595,2.3084902446717024
spatial,qwenoft,mh,280,0.2616375684738159,0.04,5.293846212168457e-06,,5.293846212168457e-06,,0.0008513331413269043,2.5805667862296104
spatial,qwenoft,mh,290,0.22985227406024933,0.04,4.324558828386734e-06,,4.324558828386734e-06,,0.0008015809580683708,2.477099613286555
spatial,qwenoft,mh,300,0.23837631940841675,0.05,4e-06,,4e-06,0.018134087324142456,0.0008538169786334038,2.5302055282518268
spatial,qwenoft,oft,10,0.7244511842727661,0.0,3.3333333333333335e-05,,3.3333333333333335e-05,,0.001193479634821415,2.4152765991166234
spatial,qwenoft,oft,20,0.5026924014091492,0.0,6.666666666666667e-05,,6.666666666666667e-05,,0.001482997089624405,2.329815937206149
spatial,qwenoft,oft,30,0.49550533294677734,0.0,0.0001,,0.0001,,0.000768815167248249,2.31922082323581
spatial,qwenoft,oft,40,0.46648433804512024,0.01,9.967544117161328e-05,,9.967544117161328e-05,,0.0007049376145005226,2.444358083419502
spatial,qwenoft,oft,50,0.31474584341049194,0.01,9.870615378783155e-05,,9.870615378783155e-05,0.0228020293372018,0.0027062976732850075,2.4114411817863584
spatial,qwenoft,oft,60,0.30344974994659424,0.01,9.71052457977236e-05,,9.71052457977236e-05,,0.000873827375471592,2.2713627219200134
spatial,qwenoft,oft,70,0.3284703195095062,0.01,9.48943667355238e-05,,9.48943667355238e-05,,0.0009214449673891068,2.1775639802217484
spatial,qwenoft,oft,80,0.3646804392337799,0.01,9.210341494782096e-05,,9.210341494782096e-05,,0.0006463853642344475,2.146468517370522
spatial,qwenoft,oft,90,0.31901949644088745,0.01,8.877013326971095e-05,,8.877013326971095e-05,,0.0010219477117061615,2.3932454120367765
spatial,qwenoft,oft,100,0.31896162033081055,0.02,8.493959861769923e-05,,8.493959861769923e-05,0.023246356419154575,0.0011261170729994774,2.519095712341368
spatial,qwenoft,oft,110,0.3721555471420288,0.02,8.066361240173374e-05,,8.066361240173374e-05,,0.0009285649284720421,2.3510825783014297
spatial,qwenoft,oft,120,0.33340558409690857,0.02,7.6e-05,,7.6e-05,,0.0008064666762948036,2.521711800247431
spatial,qwenoft,oft,130,0.26421621441841125,0.02,7.101182876987953e-05,,7.101182876987953e-05,,0.0007002279162406921,2.3966031316667795
spatial,qwenoft,oft,140,0.33264049887657166,0.02,6.576655517013234e-05,,6.576655517013234e-05,,0.0008878130465745926,2.3266322249546647
spatial,qwenoft,oft,150,0.2743367850780487,0.02,6.033511252801267e-05,,6.033511252801267e-05,0.017537303268909454,0.000882674939930439,2.4277482349425554
spatial,qwenoft,oft,160,0.2821926474571228,0.02,5.479095178770284e-05,,5.479095178770284e-05,,0.0008279057219624519,2.3957547722384334
spatial,qwenoft,oft,170,0.27377891540527344,0.03,4.920904821229716e-05,,4.920904821229716e-05,,0.0007510753348469734,2.211430204100907
spatial,qwenoft,oft,180,0.25418463349342346,0.03,4.3664887471987345e-05,,4.3664887471987345e-05,,0.0010328246280550957,2.276176513172686
spatial,qwenoft,oft,190,0.2506822347640991,0.03,3.823344482986768e-05,,3.823344482986768e-05,,0.0006684167310595512,2.4056180473417044
spatial,qwenoft,oft,200,0.28233927488327026,0.03,3.2988171230120465e-05,,3.2988171230120465e-05,0.014977774449757167,0.0007965462282299995,2.253874865360558
spatial,qwenoft,oft,210,0.2411688268184662,0.03,2.800000000000001e-05,,2.800000000000001e-05,,0.0008870922029018402,2.294215482659638
spatial,qwenoft,oft,220,0.26228734850883484,0.03,2.3336387598266272e-05,,2.3336387598266272e-05,,0.0008888626471161842,2.392314175143838
spatial,qwenoft,oft,230,0.23100700974464417,0.03,1.906040138230079e-05,,1.906040138230079e-05,,0.0007927902042865753,2.511760505847633
spatial,qwenoft,oft,240,0.34405723214149475,0.04,1.5229866730289061e-05,,1.5229866730289061e-05,,0.0009318273514509201,2.407560649327934
spatial,qwenoft,oft,250,0.29279381036758423,0.04,1.1896585052179059e-05,,1.1896585052179059e-05,0.01698333876473563,0.0010837335139513016,2.597544393502176
spatial,qwenoft,oft,260,0.2617383897304535,0.04,9.105633264476216e-06,,9.105633264476216e-06,,0.0009116455912590027,2.428565044887364
spatial,qwenoft,oft,270,0.25042080879211426,0.04,6.8947542022764005e-06,,6.8947542022764005e-06,,0.0010628895834088326,2.331055987626314
spatial,qwenoft,oft,280,0.26408496499061584,0.04,5.293846212168457e-06,,5.293846212168457e-06,,0.0007115919142961502,2.400676265358925
spatial,qwenoft,oft,290,0.23904766142368317,0.04,4.324558828386734e-06,,4.324558828386734e-06,,0.0008531780913472176,2.4726182920858264
spatial,qwenoft,oft,300,0.24624186754226685,0.05,4e-06,,4e-06,0.018191952790532793,0.0010114777833223343,2.2445227671414614
spatial,qwenoft,oftef,10,0.6099634170532227,0.0,3.3333333333333335e-05,,3.3333333333333335e-05,,0.00103803351521492,1.4237846778705716
spatial,qwenoft,oftef,20,0.5373470187187195,0.0,6.666666666666667e-05,,6.666666666666667e-05,,0.0005731489509344101,1.5002523139119148
spatial,qwenoft,oftef,30,0.37082985043525696,0.0,0.0001,,0.0001,,0.0005778903141617775,1.4531619157642126
spatial,qwenoft,oftef,40,0.5352357029914856,0.01,9.967544117161328e-05,,9.967544117161328e-05,,0.0007029855623841286,1.4334149798378348
spatial,qwenoft,oftef,50,0.3964735269546509,0.01,9.870615378783155e-05,,9.870615378783155e-05,0.02075620208467756,0.0006809700280427933,1.3903538538143039
spatial,qwenoft,oftef,60,0.3571607172489166,0.01,9.71052457977236e-05,,9.71052457977236e-05,,0.0005444111302495003,1.2802518038079143
spatial,qwenoft,oftef,70,0.3585602343082428,0.01,9.48943667355238e-05,,9.48943667355238e-05,,0.0010697869583964348,1.3963796542957425
spatial,qwenoft,oftef,80,0.39926522970199585,0.01,9.210341494782096e-05,,9.210341494782096e-05,,0.000826696865260601,1.4212036272510886
spatial,qwenoft,oftef,90,0.31743064522743225,0.01,8.877013326971095e-05,,8.877013326971095e-05,,0.0006714938208460808,1.4255846412852407
spatial,qwenoft,oftef,100,0.32474714517593384,0.02,8.493959861769923e-05,,8.493959861769923e-05,0.02495594961302621,0.0011029373854398727,1.427567845210433
spatial,qwenoft,oftef,110,0.3371858298778534,0.02,8.066361240173374e-05,,8.066361240173374e-05,,0.0005366159602999687,1.3812452787533402
spatial,qwenoft,oftef,120,0.32962796092033386,0.02,7.6e-05,,7.6e-05,,0.0006212936714291573,1.4185415022075176
spatial,qwenoft,oftef,130,0.32030853629112244,0.02,7.101182876987953e-05,,7.101182876987953e-05,,0.0006657550111413002,1.3841038485988975
spatial,qwenoft,oftef,140,0.36803826689720154,0.02,6.576655517013234e-05,,6.576655517013234e-05,,0.0006816685199737549,1.4843192603439093
spatial,qwenoft,oftef,150,0.3013583719730377,0.02,6.033511252801267e-05,,6.033511252801267e-05,0.023145011493137906,0.0009639961645007133,1.3553106598556042
spatial,qwenoft,oftef,160,0.3193941116333008,0.02,5.479095178770284e-05,,5.479095178770284e-05,,0.0008822260424494743,1.5487243551760912
spatial,qwenoft,oftef,170,0.33751270174980164,0.03,4.920904821229716e-05,,4.920904821229716e-05,,0.000853286124765873,1.4907663688063622
spatial,qwenoft,oftef,180,0.31369447708129883,0.03,4.3664887471987345e-05,,4.3664887471987345e-05,,0.0006193956360220909,1.5117749283090234
spatial,qwenoft,oftef,190,0.26743805408477783,0.03,3.823344482986768e-05,,3.823344482986768e-05,,0.0008460795506834984,1.437929168343544
spatial,qwenoft,oftef,200,0.27426257729530334,0.03,3.2988171230120465e-05,,3.2988171230120465e-05,0.015632463353020803,0.0007187686860561371,1.4741667108610272
spatial,qwenoft,oftef,210,0.24053901433944702,0.03,2.800000000000001e-05,,2.800000000000001e-05,,0.0007418151944875717,1.4723619325086474
spatial,qwenoft,oftef,220,0.29507216811180115,0.03,2.3336387598266272e-05,,2.3336387598266272e-05,,0.000972505658864975,1.3625973341986537
spatial,qwenoft,oftef,230,0.22324657440185547,0.03,1.906040138230079e-05,,1.906040138230079e-05,,0.0008354904130101204,1.4612456541508436
spatial,qwenoft,oftef,240,0.3368052840232849,0.04,1.5229866730289061e-05,,1.5229866730289061e-05,,0.000619315542280674,1.4154755156487226
spatial,qwenoft,oftef,250,0.3150636553764343,0.04,1.1896585052179059e-05,,1.1896585052179059e-05,0.017292034413133348,0.0007480587810277939,1.5671712309122086
spatial,qwenoft,oftef,260,0.2825433015823364,0.04,9.105633264476216e-06,,9.105633264476216e-06,,0.0009593851864337921,1.4298730278387666
spatial,qwenoft,oftef,270,0.2656487822532654,0.04,6.8947542022764005e-06,,6.8947542022764005e-06,,0.000590205192565918,1.404268586076796
spatial,qwenoft,oftef,280,0.2641140818595886,0.04,5.293846212168457e-06,,5.293846212168457e-06,,0.0007871454581618309,1.3438293254002929
spatial,qwenoft,oftef,290,0.22573032975196838,0.04,4.324558828386734e-06,,4.324558828386734e-06,,0.000823749229311943,1.4254764830693603
spatial,qwenoft,oftef,300,0.2450578510761261,0.05,4e-06,,4e-06,0.01836765025343214,0.0006699943915009499,1.4001766741275787
spatial,qwenoft,pre,10,0.7652313113212585,0.0,3.3333333333333335e-05,,3.3333333333333335e-05,,0.0016666827723383904,2.4664933616295457
spatial,qwenoft,pre,20,0.6241549253463745,0.0,6.666666666666667e-05,,6.666666666666667e-05,,0.0010783029720187187,2.2420066483318806
spatial,qwenoft,pre,30,0.6859245896339417,0.0,0.0001,,0.0001,,0.0010636476799845695,2.1919005531817675
spatial,qwenoft,pre,40,0.658254086971283,0.01,9.967544117161328e-05,,9.967544117161328e-05,,0.001238679513335228,2.4220929462462664
spatial,qwenoft,pre,50,0.4064044654369354,0.01,9.870615378783155e-05,,9.870615378783155e-05,0.02655701764992305,0.001166071742773056,2.2621496645733714
spatial,qwenoft,pre,60,0.4024307429790497,0.01,9.71052457977236e-05,,9.71052457977236e-05,,0.0008752327412366867,2.4300169786438346
spatial,qwenoft,pre,70,0.41052839159965515,0.01,9.48943667355238e-05,,9.48943667355238e-05,,0.00118182972073555,2.5381200751289725
spatial,qwenoft,pre,80,0.3910893499851227,0.01,9.210341494782096e-05,,9.210341494782096e-05,,0.0011799344792962074,2.3003118466585875
spatial,qwenoft,pre,90,0.39687398076057434,0.01,8.877013326971095e-05,,8.877013326971095e-05,,0.001009189523756504,2.4618960162624717
spatial,qwenoft,pre,100,0.3580196499824524,0.02,8.493959861769923e-05,,8.493959861769923e-05,0.028702433620180403,0.0008588777855038643,2.468225915916264
spatial,qwenoft,pre,110,0.32112374901771545,0.02,8.066361240173374e-05,,8.066361240173374e-05,,0.0007389625534415245,2.2707953872159123
spatial,qwenoft,pre,120,0.295828253030777,0.02,7.6e-05,,7.6e-05,,0.001351403072476387,2.1805263310670853
spatial,qwenoft,pre,130,0.30704888701438904,0.02,7.101182876987953e-05,,7.101182876987953e-05,,0.0015717586502432823,2.2342975232750177
spatial,qwenoft,pre,140,0.35771310329437256,0.02,6.576655517013234e-05,,6.576655517013234e-05,,0.0011074226349592209,2.406302757561207
spatial,qwenoft,pre,150,0.31112736463546753,0.02,6.033511252801267e-05,,6.033511252801267e-05,0.019350692629814148,0.0008094552904367447,2.297439232468605
spatial,qwenoft,pre,160,0.33718234300613403,0.02,5.479095178770284e-05,,5.479095178770284e-05,,0.0011952240020036697,2.397556065581739
spatial,qwenoft,pre,170,0.2967340648174286,0.03,4.920904821229716e-05,,4.920904821229716e-05,,0.0009526796638965607,2.126235004514456
spatial,qwenoft,pre,180,0.30598077178001404,0.03,4.3664887471987345e-05,,4.3664887471987345e-05,,0.001375497318804264,2.3553569158539176
spatial,qwenoft,pre,190,0.28299781680107117,0.03,3.823344482986768e-05,,3.823344482986768e-05,,0.0015225224196910858,2.292720180004835
spatial,qwenoft,pre,200,0.2773623466491699,0.03,3.2988171230120465e-05,,3.2988171230120465e-05,0.015935136803558896,0.0010103685781359673,2.250885060057044
spatial,qwenoft,pre,210,0.263528048992157,0.03,2.800000000000001e-05,,2.800000000000001e-05,,0.0007751304656267166,2.209076720289886
spatial,qwenoft,pre,220,0.2899550199508667,0.03,2.3336387598266272e-05,,2.3336387598266272e-05,,0.0011380081996321678,2.2905528666451573
spatial,qwenoft,pre,230,0.24046678841114044,0.03,1.906040138230079e-05,,1.906040138230079e-05,,0.000985901802778244,2.469593282788992
spatial,qwenoft,pre,240,0.3263548016548157,0.04,1.5229866730289061e-05,,1.5229866730289061e-05,,0.01732492260634899,2.403145542368293
spatial,qwenoft,pre,250,0.33026838302612305,0.04,1.1896585052179059e-05,,1.1896585052179059e-05,0.01874075404235295,0.0007711797952651978,2.5930974865332246
spatial,qwenoft,pre,260,0.3008549213409424,0.04,9.105633264476216e-06,,9.105633264476216e-06,,0.0012409668415784836,2.2083341842517257
spatial,qwenoft,pre,270,0.28124216198921204,0.04,6.8947542022764005e-06,,6.8947542022764005e-06,,0.021902847103774548,2.4318818021565676
spatial,qwenoft,pre,280,0.29739850759506226,0.04,5.293846212168457e-06,,5.293846212168457e-06,,0.0008031390607357025,2.0562284402549267
spatial,qwenoft,pre,290,0.24209149181842804,0.04,4.324558828386734e-06,,4.324558828386734e-06,,0.0010077590122818947,2.283322175964713
spatial,qwenoft,pre,300,0.26246023178100586,0.05,4e-06,,4e-06,0.020022245390074595,0.0008503086864948273,2.2440394908189774
spatial,qwenpiv3,mh,10,1.1567909717559814,0.0,3.3333333333333335e-05,8.333333333333334e-06,3.3333333333333335e-05,,0.017213807441294193,3.5739223770797253
spatial,qwenpiv3,mh,20,0.6530372500419617,0.0,6.666666666666667e-05,1.6666666666666667e-05,6.666666666666667e-05,,0.0006344271823763847,3.7085961867123842
spatial,qwenpiv3,mh,30,0.8726168274879456,0.0,0.0001,2.5e-05,0.0001,,0.001021338626742363,3.602444151416421
spatial,qwenpiv3,mh,40,0.826813280582428,0.01,9.967544117161328e-05,2.491886029290332e-05,9.967544117161328e-05,,0.000752805732190609,3.3682813523337245
spatial,qwenpiv3,mh,50,0.5571149587631226,0.01,9.870615378783155e-05,2.4676538446957887e-05,9.870615378783155e-05,0.0257802243743624,0.000935831107199192,3.258951064199209
spatial,qwenpiv3,mh,60,0.7359669804573059,0.01,9.71052457977236e-05,2.42763114494309e-05,9.71052457977236e-05,,0.000752447172999382,3.5240169428288937
spatial,qwenpiv3,mh,70,0.6705416440963745,0.01,9.48943667355238e-05,2.372359168388095e-05,9.48943667355238e-05,,0.0005869539454579353,3.299337730742991
spatial,qwenpiv3,mh,80,0.6072711944580078,0.01,9.210341494782096e-05,2.302585373695524e-05,9.210341494782096e-05,,0.0006070546805858612,3.3042619954794645
spatial,qwenpiv3,mh,90,0.4276354908943176,0.01,8.877013326971095e-05,2.2192533317427737e-05,8.877013326971095e-05,,0.0004213070496916771,3.399112652055919
spatial,qwenpiv3,mh,100,0.5129973888397217,0.02,8.493959861769923e-05,2.1234899654424807e-05,8.493959861769923e-05,0.026255562901496887,0.0006355727091431618,3.3047889890149236
spatial,qwenpiv3,mh,110,0.5356892347335815,0.02,8.066361240173374e-05,2.0165903100433436e-05,8.066361240173374e-05,,0.0006783017888665199,3.4053458273410797
spatial,qwenpiv3,mh,120,0.5247438549995422,0.02,7.6e-05,1.9e-05,7.6e-05,,0.0009143799543380737,3.5664334008470178
spatial,qwenpiv3,mh,130,0.45696043968200684,0.02,7.101182876987953e-05,1.7752957192469884e-05,7.101182876987953e-05,,0.000699101947247982,3.4331885259598494
spatial,qwenpiv3,mh,140,0.4581076502799988,0.02,6.576655517013234e-05,1.6441638792533085e-05,6.576655517013234e-05,,0.0008386755362153053,3.552533121779561
spatial,qwenpiv3,mh,150,0.46868592500686646,0.02,6.033511252801267e-05,1.5083778132003167e-05,6.033511252801267e-05,0.019296607800892422,0.0013890014961361885,3.466256406158209
spatial,qwenpiv3,mh,160,0.44718676805496216,0.02,5.479095178770284e-05,1.369773794692571e-05,5.479095178770284e-05,,0.0006281863898038864,3.3120570899918675
spatial,qwenpiv3,mh,170,0.4122926890850067,0.03,4.920904821229716e-05,1.230226205307429e-05,4.920904821229716e-05,,0.0007640654221177101,3.0666921278461814
spatial,qwenpiv3,mh,180,0.4053289592266083,0.03,4.3664887471987345e-05,1.0916221867996836e-05,4.3664887471987345e-05,,0.0006891004741191864,2.850099786184728
spatial,qwenpiv3,mh,190,0.3994907736778259,0.03,3.823344482986768e-05,9.55836120746692e-06,3.823344482986768e-05,,0.0007299110293388367,2.7221209006384015
spatial,qwenpiv3,mh,200,0.36640727519989014,0.03,3.2988171230120465e-05,8.247042807530116e-06,3.2988171230120465e-05,0.015613057783671789,0.0009151250123977661,3.003521142527461
spatial,qwenpiv3,mh,210,0.32706138491630554,0.03,2.800000000000001e-05,7.0000000000000024e-06,2.800000000000001e-05,,0.0009650047868490219,3.0633138548582792
spatial,qwenpiv3,mh,220,0.3553275763988495,0.03,2.3336387598266272e-05,5.834096899566568e-06,2.3336387598266272e-05,,0.00048715807497501373,2.8496259469538927
spatial,qwenpiv3,mh,230,0.3503871262073517,0.03,1.906040138230079e-05,4.765100345575197e-06,1.906040138230079e-05,,0.0008478909730911255,2.738903504796326
spatial,qwenpiv3,mh,240,0.39681175351142883,0.04,1.5229866730289061e-05,3.8074666825722652e-06,1.5229866730289061e-05,,0.0011073574423789978,2.7846758030354977
spatial,qwenpiv3,mh,250,0.46061068773269653,0.04,1.1896585052179059e-05,2.9741462630447647e-06,1.1896585052179059e-05,0.01638059743813106,0.0008455431088805199,2.8519531423226
spatial,qwenpiv3,mh,260,0.39365947246551514,0.04,9.105633264476216e-06,2.276408316119054e-06,9.105633264476216e-06,,0.00045915693044662476,2.7957866890355945
spatial,qwenpiv3,mh,270,0.2961055040359497,0.04,6.8947542022764005e-06,1.7236885505691001e-06,6.8947542022764005e-06,,0.0007086042314767838,2.690294438973069
spatial,qwenpiv3,mh,280,0.31241247057914734,0.04,5.293846212168457e-06,1.3234615530421141e-06,5.293846212168457e-06,,0.000587749294936657,2.924232717603445
spatial,qwenpiv3,mh,290,0.34531036019325256,0.04,4.324558828386734e-06,1.0811397070966836e-06,4.324558828386734e-06,,0.00055681262165308,2.68812242615968
spatial,qwenpiv3,mh,300,0.3396552801132202,0.05,4e-06,1e-06,4e-06,0.01843861596924918,0.0009456342086195946,2.838837042450905
spatial,qwenpiv3,oft,10,1.2606923580169678,0.0,3.3333333333333335e-05,8.333333333333334e-06,3.3333333333333335e-05,,0.0006569391116499901,3.736315533518791
spatial,qwenpiv3,oft,20,0.798435628414154,0.0,6.666666666666667e-05,1.6666666666666667e-05,6.666666666666667e-05,,0.0007958291098475456,3.596109657548368
spatial,qwenpiv3,oft,30,0.7765172123908997,0.0,0.0001,2.5e-05,0.0001,,0.0007225712761282921,3.6000414146110415
spatial,qwenpiv3,oft,40,0.8554018139839172,0.01,9.967544117161328e-05,2.491886029290332e-05,9.967544117161328e-05,,0.0009657330811023712,3.7439691433683038
spatial,qwenpiv3,oft,50,0.57204669713974,0.01,9.870615378783155e-05,2.4676538446957887e-05,9.870615378783155e-05,0.023503216249602183,0.001443810760974884,3.8029585126787424
spatial,qwenpiv3,oft,60,0.7399865984916687,0.01,9.71052457977236e-05,2.42763114494309e-05,9.71052457977236e-05,,0.0007341941818594933,3.7558285109698772
spatial,qwenpiv3,oft,70,0.5873016715049744,0.01,9.48943667355238e-05,2.372359168388095e-05,9.48943667355238e-05,,0.0009303214028477669,3.584444424137473
spatial,qwenpiv3,oft,80,0.598594605922699,0.01,9.210341494782096e-05,2.302585373695524e-05,9.210341494782096e-05,,0.0009706048294901848,3.4791406178846955
spatial,qwenpiv3,oft,90,0.42443814873695374,0.01,8.877013326971095e-05,2.2192533317427737e-05,8.877013326971095e-05,,0.0006223181262612343,3.5242329565808177
spatial,qwenpiv3,oft,100,0.43442919850349426,0.02,8.493959861769923e-05,2.1234899654424807e-05,8.493959861769923e-05,0.024240127631596158,0.0011439062654972076,3.804871954023838
spatial,qwenpiv3,oft,110,0.5734336972236633,0.02,8.066361240173374e-05,2.0165903100433436e-05,8.066361240173374e-05,,0.0007700501009821892,3.6910995868965983
spatial,qwenpiv3,oft,120,0.6230276226997375,0.02,7.6e-05,1.9e-05,7.6e-05,,0.0007017077878117561,3.556511436589062
spatial,qwenpiv3,oft,130,0.42606619000434875,0.02,7.101182876987953e-05,1.7752957192469884e-05,7.101182876987953e-05,,0.0007742131128907204,3.8512698262929916
spatial,qwenpiv3,oft,140,0.4188341200351715,0.02,6.576655517013234e-05,1.6441638792533085e-05,6.576655517013234e-05,,0.000745261088013649,3.406046469695866
spatial,qwenpiv3,oft,150,0.438227117061615,0.02,6.033511252801267e-05,1.5083778132003167e-05,6.033511252801267e-05,0.01986190676689148,0.0006339382380247116,3.510978843085468
spatial,qwenpiv3,oft,160,0.46164292097091675,0.02,5.479095178770284e-05,1.369773794692571e-05,5.479095178770284e-05,,0.0008820872753858566,3.6449101520702243
spatial,qwenpiv3,oft,170,0.4124475121498108,0.03,4.920904821229716e-05,1.230226205307429e-05,4.920904821229716e-05,,0.0010992400348186493,3.6779248286038637
spatial,qwenpiv3,oft,180,0.42985790967941284,0.03,4.3664887471987345e-05,1.0916221867996836e-05,4.3664887471987345e-05,,0.001077449880540371,3.4968334874138236
spatial,qwenpiv3,oft,190,0.43046531081199646,0.03,3.823344482986768e-05,9.55836120746692e-06,3.823344482986768e-05,,0.00093037448823452,3.6536265294998884
spatial,qwenpiv3,oft,200,0.35556653141975403,0.03,3.2988171230120465e-05,8.247042807530116e-06,3.2988171230120465e-05,0.016201871846403395,0.0006274804472923279,3.5542605705559254
spatial,qwenpiv3,oft,210,0.3352716565132141,0.03,2.800000000000001e-05,7.0000000000000024e-06,2.800000000000001e-05,,0.0006119497120380402,3.585989256389439
spatial,qwenpiv3,oft,220,0.3462294042110443,0.03,2.3336387598266272e-05,5.834096899566568e-06,2.3336387598266272e-05,,0.00045504607260227203,3.5810891166329384
spatial,qwenpiv3,oft,230,0.3613790273666382,0.03,1.906040138230079e-05,4.765100345575197e-06,1.906040138230079e-05,,0.0009636348113417625,3.8348453296348453
spatial,qwenpiv3,oft,240,0.40272411704063416,0.04,1.5229866730289061e-05,3.8074666825722652e-06,1.5229866730289061e-05,,0.0008808467537164688,3.56364840362221
spatial,qwenpiv3,oft,250,0.45832493901252747,0.04,1.1896585052179059e-05,2.9741462630447647e-06,1.1896585052179059e-05,0.01677685124533517,0.0006651738658547401,3.6684903390705585
spatial,qwenpiv3,oft,260,0.38650357723236084,0.04,9.105633264476216e-06,2.276408316119054e-06,9.105633264476216e-06,,0.0009653596207499504,3.8433384094387293
spatial,qwenpiv3,oft,270,0.2976008951663971,0.04,6.8947542022764005e-06,1.7236885505691001e-06,6.8947542022764005e-06,,0.0016591660678386688,3.9524256624281406
spatial,qwenpiv3,oft,280,0.3194209337234497,0.04,5.293846212168457e-06,1.3234615530421141e-06,5.293846212168457e-06,,0.0014079045504331589,3.7464523781090975
spatial,qwenpiv3,oft,290,0.33975842595100403,0.04,4.324558828386734e-06,1.0811397070966836e-06,4.324558828386734e-06,,0.0008974932134151459,3.6944584362208843
spatial,qwenpiv3,oft,300,0.348919540643692,0.05,4e-06,1e-06,4e-06,0.018495074340275357,0.0006440291181206703,3.5894162515178323
spatial,qwenpiv3,oftef,10,1.1829280853271484,0.0,3.3333333333333335e-05,8.333333333333334e-06,3.3333333333333335e-05,,0.0006918357685208321,2.851324294693768
spatial,qwenpiv3,oftef,20,0.7998020648956299,0.0,6.666666666666667e-05,1.6666666666666667e-05,6.666666666666667e-05,,0.000727175734937191,2.691279834136367
spatial,qwenpiv3,oftef,30,0.7324694395065308,0.0,0.0001,2.5e-05,0.0001,,0.0008332738652825356,2.7052860939875245
spatial,qwenpiv3,oftef,40,0.9305221438407898,0.01,9.967544117161328e-05,2.491886029290332e-05,9.967544117161328e-05,,0.0012621739879250526,2.6729749711230397
spatial,qwenpiv3,oftef,50,0.43008941411972046,0.01,9.870615378783155e-05,2.4676538446957887e-05,9.870615378783155e-05,0.02203665460859026,0.0015147943049669266,2.6813578763976693
spatial,qwenpiv3,oftef,60,0.7429121732711792,0.01,9.71052457977236e-05,2.42763114494309e-05,9.71052457977236e-05,,0.0008221082389354706,2.7272509122267365
spatial,qwenpiv3,oftef,70,0.781279981136322,0.01,9.48943667355238e-05,2.372359168388095e-05,9.48943667355238e-05,,0.0011525731533765793,2.6811673287302256
spatial,qwenpiv3,oftef,80,0.5790612101554871,0.01,9.210341494782096e-05,2.302585373695524e-05,9.210341494782096e-05,,0.0010000336915254593,2.6277859089896083
spatial,qwenpiv3,oftef,90,0.4619583487510681,0.01,8.877013326971095e-05,2.2192533317427737e-05,8.877013326971095e-05,,0.0005011884495615959,2.648456529714167
spatial,qwenpiv3,oftef,100,0.48504704236984253,0.02,8.493959861769923e-05,2.1234899654424807e-05,8.493959861769923e-05,0.025064289569854736,0.000657995231449604,2.700507734902203
spatial,qwenpiv3,oftef,110,0.5588224530220032,0.02,8.066361240173374e-05,2.0165903100433436e-05,8.066361240173374e-05,,0.0009786617010831833,2.715102377347648
spatial,qwenpiv3,oftef,120,0.5187604427337646,0.02,7.6e-05,1.9e-05,7.6e-05,,0.0008725328370928764,2.8346881503239274
spatial,qwenpiv3,oftef,130,0.42544183135032654,0.02,7.101182876987953e-05,1.7752957192469884e-05,7.101182876987953e-05,,0.0007352493703365326,2.7955109598115087
spatial,qwenpiv3,oftef,140,0.4499172270298004,0.02,6.576655517013234e-05,1.6441638792533085e-05,6.576655517013234e-05,,0.0007746433839201927,2.6733234506100416
spatial,qwenpiv3,oftef,150,0.44630634784698486,0.02,6.033511252801267e-05,1.5083778132003167e-05,6.033511252801267e-05,0.019674237285341536,0.0007174862548708916,2.7014916725456715
spatial,qwenpiv3,oftef,160,0.46991050243377686,0.02,5.479095178770284e-05,1.369773794692571e-05,5.479095178770284e-05,,0.0006230641156435013,2.6477682814002037
spatial,qwenpiv3,oftef,170,0.4289819598197937,0.03,4.920904821229716e-05,1.230226205307429e-05,4.920904821229716e-05,,0.0007590381428599358,2.684457936324179
spatial,qwenpiv3,oftef,180,0.4359445869922638,0.03,4.3664887471987345e-05,1.0916221867996836e-05,4.3664887471987345e-05,,0.0004242202267050743,2.737471180036664
spatial,qwenpiv3,oftef,190,0.4044802784919739,0.03,3.823344482986768e-05,9.55836120746692e-06,3.823344482986768e-05,,0.0004272088408470154,2.559530420228839
spatial,qwenpiv3,oftef,200,0.3644246459007263,0.03,3.2988171230120465e-05,8.247042807530116e-06,3.2988171230120465e-05,0.016359651727335795,0.0008296947926282883,2.5626425882801414
spatial,qwenpiv3,oftef,210,0.33581027388572693,0.03,2.800000000000001e-05,7.0000000000000024e-06,2.800000000000001e-05,,0.0004780152812600136,2.7156754108145833
spatial,qwenpiv3,oftef,220,0.35585010051727295,0.03,2.3336387598266272e-05,5.834096899566568e-06,2.3336387598266272e-05,,0.0008008619770407677,2.7304686633870006
spatial,qwenpiv3,oftef,230,0.3627271056175232,0.03,1.906040138230079e-05,4.765100345575197e-06,1.906040138230079e-05,,0.0009096916764974594,2.674946613609791
spatial,qwenpiv3,oftef,240,0.4036570191383362,0.04,1.5229866730289061e-05,3.8074666825722652e-06,1.5229866730289061e-05,,0.0008343802765011787,2.773690637201071
spatial,qwenpiv3,oftef,250,0.4687340259552002,0.04,1.1896585052179059e-05,2.9741462630447647e-06,1.1896585052179059e-05,0.016745912177222117,0.0005680248141288757,2.7918216148391366
spatial,qwenpiv3,oftef,260,0.39891156554222107,0.04,9.105633264476216e-06,2.276408316119054e-06,9.105633264476216e-06,,0.0006215982139110565,2.6222278447821736
spatial,qwenpiv3,oftef,270,0.3095669150352478,0.04,6.8947542022764005e-06,1.7236885505691001e-06,6.8947542022764005e-06,,0.0005135377869009972,2.599197404459119
spatial,qwenpiv3,oftef,280,0.31497231125831604,0.04,5.293846212168457e-06,1.3234615530421141e-06,5.293846212168457e-06,,0.0006541628390550613,2.6448311926797032
spatial,qwenpiv3,oftef,290,0.345788836479187,0.04,4.324558828386734e-06,1.0811397070966836e-06,4.324558828386734e-06,,0.0006325244903564453,2.5578277157619596
spatial,qwenpiv3,oftef,300,0.34485968947410583,0.05,4e-06,1e-06,4e-06,0.01811088195868901,0.0007496066391468048,2.757255439646542
spatial,qwenpiv3,pre,10,1.1427891254425049,0.0,3.3333333333333335e-05,8.333333333333334e-06,3.3333333333333335e-05,,0.0011698147282004356,3.568930116482079
spatial,qwenpiv3,pre,20,1.0491217374801636,0.0,6.666666666666667e-05,1.6666666666666667e-05,6.666666666666667e-05,,0.0010509900748729706,3.7560741398483515
spatial,qwenpiv3,pre,30,0.6526925563812256,0.0,0.0001,2.5e-05,0.0001,,0.001074155792593956,3.6006392426788807
spatial,qwenpiv3,pre,40,0.7373308539390564,0.01,9.967544117161328e-05,2.491886029290332e-05,9.967544117161328e-05,,0.0008821161463856697,3.6636610431596637
spatial,qwenpiv3,pre,50,0.6344952583312988,0.01,9.870615378783155e-05,2.4676538446957887e-05,9.870615378783155e-05,0.023340263536998203,0.0011321427300572395,3.681993025355041
spatial,qwenpiv3,pre,60,0.9038784503936768,0.01,9.71052457977236e-05,2.42763114494309e-05,9.71052457977236e-05,,0.0008112117648124695,3.6995398635044694
spatial,qwenpiv3,pre,70,0.8026114106178284,0.01,9.48943667355238e-05,2.372359168388095e-05,9.48943667355238e-05,,0.0008841445669531822,4.005038923583925
spatial,qwenpiv3,pre,80,0.5514180660247803,0.01,9.210341494782096e-05,2.302585373695524e-05,9.210341494782096e-05,,0.0006916401907801628,3.4867816623300314
spatial,qwenpiv3,pre,90,0.4230543375015259,0.01,8.877013326971095e-05,2.2192533317427737e-05,8.877013326971095e-05,,0.001087644137442112,3.6702829767018557
spatial,qwenpiv3,pre,100,0.493942528963089,0.02,8.493959861769923e-05,2.1234899654424807e-05,8.493959861769923e-05,0.022772882665906633,0.0005866978317499161,3.663583162240684
spatial,qwenpiv3,pre,110,0.5332716107368469,0.02,8.066361240173374e-05,2.0165903100433436e-05,8.066361240173374e-05,,0.0006741052493453026,3.6314126532524824
spatial,qwenpiv3,pre,120,0.5300451517105103,0.02,7.6e-05,1.9e-05,7.6e-05,,0.0007542278617620468,3.7550739040598273
spatial,qwenpiv3,pre,130,0.4923662543296814,0.02,7.101182876987953e-05,1.7752957192469884e-05,7.101182876987953e-05,,0.0008326731622219086,3.6883489545434713
spatial,qwenpiv3,pre,140,0.4517859220504761,0.02,6.576655517013234e-05,1.6441638792533085e-05,6.576655517013234e-05,,0.0008757030591368675,3.630897205322981
spatial,qwenpiv3,pre,150,0.47418418526649475,0.02,6.033511252801267e-05,1.5083778132003167e-05,6.033511252801267e-05,0.019000351428985596,0.0010671745985746384,3.57083391956985
spatial,qwenpiv3,pre,160,0.48173797130584717,0.02,5.479095178770284e-05,1.369773794692571e-05,5.479095178770284e-05,,0.0010501649230718613,3.5019202949479222
spatial,qwenpiv3,pre,170,0.40753164887428284,0.03,4.920904821229716e-05,1.230226205307429e-05,4.920904821229716e-05,,0.0008129021152853966,3.583214795216918
spatial,qwenpiv3,pre,180,0.43717628717422485,0.03,4.3664887471987345e-05,1.0916221867996836e-05,4.3664887471987345e-05,,0.0008412590250372887,3.5707510709762573
spatial,qwenpiv3,pre,190,0.39754560589790344,0.03,3.823344482986768e-05,9.55836120746692e-06,3.823344482986768e-05,,0.0006465315818786621,3.4224639302119613
spatial,qwenpiv3,pre,200,0.35247763991355896,0.03,3.2988171230120465e-05,8.247042807530116e-06,3.2988171230120465e-05,0.01676714207444872,0.0006445934996008873,3.6045765671879053
spatial,qwenpiv3,pre,210,0.34321290254592896,0.03,2.800000000000001e-05,7.0000000000000024e-06,2.800000000000001e-05,,0.0007954668253660202,3.701953914947808
spatial,qwenpiv3,pre,220,0.34474244713783264,0.03,2.3336387598266272e-05,5.834096899566568e-06,2.3336387598266272e-05,,0.0005513206124305725,3.6256980868056417
spatial,qwenpiv3,pre,230,0.36086052656173706,0.03,1.906040138230079e-05,4.765100345575197e-06,1.906040138230079e-05,,0.000988457351922989,3.46860911231488
spatial,qwenpiv3,pre,240,0.3714362382888794,0.04,1.5229866730289061e-05,3.8074666825722652e-06,1.5229866730289061e-05,,0.0012501338496804237,3.7481238609179854
spatial,qwenpiv3,pre,250,0.4327991008758545,0.04,1.1896585052179059e-05,2.9741462630447647e-06,1.1896585052179059e-05,0.015726679137774875,0.0012359712272882462,3.6941018206998706
spatial,qwenpiv3,pre,260,0.3797748386859894,0.04,9.105633264476216e-06,2.276408316119054e-06,9.105633264476216e-06,,0.000827237032353878,3.7914368603378534
spatial,qwenpiv3,pre,270,0.2884160876274109,0.04,6.8947542022764005e-06,1.7236885505691001e-06,6.8947542022764005e-06,,0.0008783172816038132,3.698793246410787
spatial,qwenpiv3,pre,280,0.3187853991985321,0.04,5.293846212168457e-06,1.3234615530421141e-06,5.293846212168457e-06,,0.001168784685432911,3.43288317322731
spatial,qwenpiv3,pre,290,0.34258943796157837,0.04,4.324558828386734e-06,1.0811397070966836e-06,4.324558828386734e-06,,0.0006461851298809052,3.548629727214575
spatial,qwenpiv3,pre,300,0.34220752120018005,0.05,4e-06,1e-06,4e-06,0.018158542258398875,0.0006278939545154572,3.4974324693903327
